LineId,Host,HostIp,LogType,DateTime,Content,EventId,EventTemplate,ParameterList
1,host1,192.168.0.1,daemon,2021-03-03T00:09:18,Mar  3 00:09:18 mail systemd[1]: Starting Clean php session files...,e2f489f9,Mar <*> <*>:<*>:<*> mail systemd[<*>]: <*> Clean php session <*>,"['3 00', '09:18', '1', 'Starting', 'files...']"
2,host1,192.168.0.1,daemon,2021-03-03T00:09:19,Mar  3 00:09:19 mail systemd[1]: Started Clean php session files.,e2f489f9,Mar <*> <*>:<*>:<*> mail systemd[<*>]: <*> Clean php session <*>,"['3 00', '09:19', '1', 'Started', 'files.']"
3,host1,192.168.0.1,daemon,2021-03-03T00:39:18,Mar  3 00:39:18 mail systemd[1]: Starting Clean php session files...,e2f489f9,Mar <*> <*>:<*>:<*> mail systemd[<*>]: <*> Clean php session <*>,"['3 00', '39:18', '1', 'Starting', 'files...']"
4,host1,192.168.0.1,daemon,2021-03-03T00:39:19,Mar  3 00:39:19 mail systemd[1]: Started Clean php session files.,e2f489f9,Mar <*> <*>:<*>:<*> mail systemd[<*>]: <*> Clean php session <*>,"['3 00', '39:19', '1', 'Started', 'files.']"
5,host1,192.168.0.1,daemon,2021-03-03T01:09:19,Mar  3 01:09:19 mail systemd[1]: Starting Clean php session files...,e2f489f9,Mar <*> <*>:<*>:<*> mail systemd[<*>]: <*> Clean php session <*>,"['3 01', '09:19', '1', 'Starting', 'files...']"
6,host1,192.168.0.1,daemon,2021-03-03T01:09:19,Mar  3 01:09:19 mail systemd[1]: Started Clean php session files.,e2f489f9,Mar <*> <*>:<*>:<*> mail systemd[<*>]: <*> Clean php session <*>,"['3 01', '09:19', '1', 'Started', 'files.']"
7,host1,192.168.0.1,daemon,2021-03-03T01:39:18,Mar  3 01:39:18 mail systemd[1]: Starting Clean php session files...,e2f489f9,Mar <*> <*>:<*>:<*> mail systemd[<*>]: <*> Clean php session <*>,"['3 01', '39:18', '1', 'Starting', 'files...']"
8,host1,192.168.0.1,daemon,2021-03-03T01:39:19,Mar  3 01:39:19 mail systemd[1]: Started Clean php session files.,e2f489f9,Mar <*> <*>:<*>:<*> mail systemd[<*>]: <*> Clean php session <*>,"['3 01', '39:19', '1', 'Started', 'files.']"
9,host1,192.168.0.1,daemon,2021-03-03T02:09:19,Mar  3 02:09:19 mail systemd[1]: Starting Clean php session files...,e2f489f9,Mar <*> <*>:<*>:<*> mail systemd[<*>]: <*> Clean php session <*>,"['3 02', '09:19', '1', 'Starting', 'files...']"
10,host1,192.168.0.1,daemon,2021-03-03T02:09:19,Mar  3 02:09:19 mail systemd[1]: Started Clean php session files.,e2f489f9,Mar <*> <*>:<*>:<*> mail systemd[<*>]: <*> Clean php session <*>,"['3 02', '09:19', '1', 'Started', 'files.']"
11,host1,192.168.0.1,daemon,2021-03-03T02:39:18,Mar  3 02:39:18 mail systemd[1]: Starting Clean php session files...,e2f489f9,Mar <*> <*>:<*>:<*> mail systemd[<*>]: <*> Clean php session <*>,"['3 02', '39:18', '1', 'Starting', 'files...']"
12,host1,192.168.0.1,daemon,2021-03-03T02:39:19,Mar  3 02:39:19 mail systemd[1]: Started Clean php session files.,e2f489f9,Mar <*> <*>:<*>:<*> mail systemd[<*>]: <*> Clean php session <*>,"['3 02', '39:19', '1', 'Started', 'files.']"
13,host1,192.168.0.1,daemon,2021-03-03T03:09:18,Mar  3 03:09:18 mail systemd[1]: Starting Clean php session files...,e2f489f9,Mar <*> <*>:<*>:<*> mail systemd[<*>]: <*> Clean php session <*>,"['3 03', '09:18', '1', 'Starting', 'files...']"
14,host1,192.168.0.1,daemon,2021-03-03T03:09:19,Mar  3 03:09:19 mail systemd[1]: Started Clean php session files.,e2f489f9,Mar <*> <*>:<*>:<*> mail systemd[<*>]: <*> Clean php session <*>,"['3 03', '09:19', '1', 'Started', 'files.']"
15,host1,192.168.0.1,daemon,2021-03-03T03:39:18,Mar  3 03:39:18 mail systemd[1]: Starting Clean php session files...,e2f489f9,Mar <*> <*>:<*>:<*> mail systemd[<*>]: <*> Clean php session <*>,"['3 03', '39:18', '1', 'Starting', 'files...']"
16,host1,192.168.0.1,daemon,2021-03-03T03:39:19,Mar  3 03:39:19 mail systemd[1]: Started Clean php session files.,e2f489f9,Mar <*> <*>:<*>:<*> mail systemd[<*>]: <*> Clean php session <*>,"['3 03', '39:19', '1', 'Started', 'files.']"
17,host1,192.168.0.1,daemon,2021-03-03T04:09:19,Mar  3 04:09:19 mail systemd[1]: Starting Clean php session files...,e2f489f9,Mar <*> <*>:<*>:<*> mail systemd[<*>]: <*> Clean php session <*>,"['3 04', '09:19', '1', 'Starting', 'files...']"
18,host1,192.168.0.1,daemon,2021-03-03T04:09:19,Mar  3 04:09:19 mail systemd[1]: Started Clean php session files.,e2f489f9,Mar <*> <*>:<*>:<*> mail systemd[<*>]: <*> Clean php session <*>,"['3 04', '09:19', '1', 'Started', 'files.']"
19,host1,192.168.0.1,daemon,2021-03-03T04:39:18,Mar  3 04:39:18 mail systemd[1]: Starting Clean php session files...,e2f489f9,Mar <*> <*>:<*>:<*> mail systemd[<*>]: <*> Clean php session <*>,"['3 04', '39:18', '1', 'Starting', 'files...']"
20,host1,192.168.0.1,daemon,2021-03-03T04:39:19,Mar  3 04:39:19 mail systemd[1]: Started Clean php session files.,e2f489f9,Mar <*> <*>:<*>:<*> mail systemd[<*>]: <*> Clean php session <*>,"['3 04', '39:19', '1', 'Started', 'files.']"
21,host1,192.168.0.1,daemon,2021-03-03T05:00:48,Mar  3 05:00:48 mail systemd[1]: Starting Daily apt download activities...,d8914b98,Mar <*> <*>:<*>:<*> mail systemd[<*>]: <*> Daily apt download <*>,"['3 05', '00:48', '1', 'Starting', 'activities...']"
22,host1,192.168.0.1,daemon,2021-03-03T05:00:49,Mar  3 05:00:49 mail systemd[1]: Started Daily apt download activities.,d8914b98,Mar <*> <*>:<*>:<*> mail systemd[<*>]: <*> Daily apt download <*>,"['3 05', '00:49', '1', 'Started', 'activities.']"
23,host1,192.168.0.1,daemon,2021-03-03T05:00:49,Mar  3 05:00:49 mail systemd[1]: apt-daily.timer: Adding 11h 10min 37.139522s random time.,52df2902,Mar <*> <*>:<*>:<*> mail systemd[<*>]: apt-daily.timer: Adding <*> <*> <*> random time.,"['3 05', '00:49', '1', '11h', '10min 37.139522s']"
24,host1,192.168.0.1,daemon,2021-03-03T05:00:49,Mar  3 05:00:49 mail systemd[1]: apt-daily.timer: Adding 3h 43min 128.616ms random time.,52df2902,Mar <*> <*>:<*>:<*> mail systemd[<*>]: apt-daily.timer: Adding <*> <*> <*> random time.,"['3 05', '00:49', '1', '3h', '43min 128.616ms']"
25,host1,192.168.0.1,daemon,2021-03-03T05:09:18,Mar  3 05:09:18 mail systemd[1]: Starting Clean php session files...,e2f489f9,Mar <*> <*>:<*>:<*> mail systemd[<*>]: <*> Clean php session <*>,"['3 05', '09:18', '1', 'Starting', 'files...']"
26,host1,192.168.0.1,daemon,2021-03-03T05:09:19,Mar  3 05:09:19 mail systemd[1]: Started Clean php session files.,e2f489f9,Mar <*> <*>:<*>:<*> mail systemd[<*>]: <*> Clean php session <*>,"['3 05', '09:19', '1', 'Started', 'files.']"
27,host1,192.168.0.1,daemon,2021-03-03T05:39:18,Mar  3 05:39:18 mail systemd[1]: Starting Clean php session files...,e2f489f9,Mar <*> <*>:<*>:<*> mail systemd[<*>]: <*> Clean php session <*>,"['3 05', '39:18', '1', 'Starting', 'files...']"
28,host1,192.168.0.1,daemon,2021-03-03T05:39:19,Mar  3 05:39:19 mail systemd[1]: Started Clean php session files.,e2f489f9,Mar <*> <*>:<*>:<*> mail systemd[<*>]: <*> Clean php session <*>,"['3 05', '39:19', '1', 'Started', 'files.']"
29,host1,192.168.0.1,daemon,2021-03-03T06:09:18,Mar  3 06:09:18 mail systemd[1]: Starting Clean php session files...,e2f489f9,Mar <*> <*>:<*>:<*> mail systemd[<*>]: <*> Clean php session <*>,"['3 06', '09:18', '1', 'Starting', 'files...']"
30,host1,192.168.0.1,daemon,2021-03-03T06:09:19,Mar  3 06:09:19 mail systemd[1]: Started Clean php session files.,e2f489f9,Mar <*> <*>:<*>:<*> mail systemd[<*>]: <*> Clean php session <*>,"['3 06', '09:19', '1', 'Started', 'files.']"
31,host1,192.168.0.1,daemon,2021-03-03T06:25:35,Mar  3 06:25:35 mail systemd[1]: Reloading The Apache HTTP Server.,92789e82,Mar <*> <*>:<*>:<*> mail systemd[<*>]: <*> The Apache HTTP Server.,"['3 06', '25:35', '1', 'Reloading']"
32,host1,192.168.0.1,daemon,2021-03-03T06:25:35,Mar  3 06:25:35 mail systemd[1]: Reloaded The Apache HTTP Server.,92789e82,Mar <*> <*>:<*>:<*> mail systemd[<*>]: <*> The Apache HTTP Server.,"['3 06', '25:35', '1', 'Reloaded']"
33,host1,192.168.0.1,daemon,2021-03-03T06:29:00,Mar  3 06:29:00 mail systemd[1]: Stopping Security Auditing Service...,76f9ac58,Mar <*> <*>:<*>:<*> mail systemd[<*>]: <*> Security Auditing <*>,"['3 06', '29:00', '1', 'Stopping', 'Service...']"
34,host1,192.168.0.1,daemon,2021-03-03T06:29:00,Mar  3 06:29:00 mail auditd[26519]: The audit daemon is exiting.,df60780e,Mar <*> <*>:<*>:<*> mail auditd[<*>]: The audit daemon is exiting.,"['3 06', '29:00', '26519']"
35,host1,192.168.0.1,daemon,2021-03-03T06:29:00,Mar  3 06:29:00 mail systemd[1]: Stopped Security Auditing Service.,76f9ac58,Mar <*> <*>:<*>:<*> mail systemd[<*>]: <*> Security Auditing <*>,"['3 06', '29:00', '1', 'Stopped', 'Service.']"
36,host1,192.168.0.1,daemon,2021-03-03T06:29:00,Mar  3 06:29:00 mail systemd[1]: Starting Security Auditing Service...,76f9ac58,Mar <*> <*>:<*>:<*> mail systemd[<*>]: <*> Security Auditing <*>,"['3 06', '29:00', '1', 'Starting', 'Service...']"
37,host1,192.168.0.1,daemon,2021-03-03T06:29:00,Mar  3 06:29:00 mail auditd[25454]: Started dispatcher: /sbin/audispd pid: 25458,681ae4d7,Mar <*> <*>:<*>:<*> mail auditd[<*>]: Started dispatcher: /<*> pid: <*>,"['3 06', '29:00', '25454', 'sbin/audispd', '25458']"
38,host1,192.168.0.1,daemon,2021-03-03T06:29:00,Mar  3 06:29:00 mail augenrules[25455]: /sbin/augenrules: No change,44ded197,Mar <*> <*>:<*>:<*> mail augenrules[<*>]: /<*>: No change,"['3 06', '29:00', '25455', 'sbin/augenrules']"
39,host1,192.168.0.1,daemon,2021-03-03T06:29:00,Mar  3 06:29:00 mail systemd[1]: Started Security Auditing Service.,76f9ac58,Mar <*> <*>:<*>:<*> mail systemd[<*>]: <*> Security Auditing <*>,"['3 06', '29:00', '1', 'Started', 'Service.']"
40,host1,192.168.0.1,daemon,2021-03-03T06:29:00,"Mar  3 06:29:00 mail auditd[25454]: Init complete, auditd 2.6.7 listening for events (startup state enable)",609e13cb,"Mar <*> <*>:<*>:<*> mail auditd[<*>]: Init complete, auditd <*>.<*>.<*> listening for events (startup state enable)","['3 06', '29:00', '25454', '2', '6.7']"
41,host1,192.168.0.1,daemon,2021-03-03T06:29:00,Mar  3 06:29:00 mail augenrules[25455]: No rules,17f865ff,Mar <*> <*>:<*>:<*> mail augenrules[<*>]: <*> <*>,"['3 06', '29:00', '25455', 'No rules']"
42,host1,192.168.0.1,daemon,2021-03-03T06:29:00,Mar  3 06:29:00 mail augenrules[25455]: enabled 1,17f865ff,Mar <*> <*>:<*>:<*> mail augenrules[<*>]: <*> <*>,"['3 06', '29:00', '25455', 'enabled 1']"
43,host1,192.168.0.1,daemon,2021-03-03T06:29:00,Mar  3 06:29:00 mail augenrules[25455]: failure 1,17f865ff,Mar <*> <*>:<*>:<*> mail augenrules[<*>]: <*> <*>,"['3 06', '29:00', '25455', 'failure 1']"
44,host1,192.168.0.1,daemon,2021-03-03T06:29:00,Mar  3 06:29:00 mail augenrules[25455]: pid 25454,17f865ff,Mar <*> <*>:<*>:<*> mail augenrules[<*>]: <*> <*>,"['3 06', '29:00', '25455', 'pid 25454']"
45,host1,192.168.0.1,daemon,2021-03-03T06:29:00,Mar  3 06:29:00 mail augenrules[25455]: rate_limit 0,17f865ff,Mar <*> <*>:<*>:<*> mail augenrules[<*>]: <*> <*>,"['3 06', '29:00', '25455', 'rate_limit 0']"
46,host1,192.168.0.1,daemon,2021-03-03T06:29:00,Mar  3 06:29:00 mail augenrules[25455]: backlog_limit 81920,17f865ff,Mar <*> <*>:<*>:<*> mail augenrules[<*>]: <*> <*>,"['3 06', '29:00', '25455', 'backlog_limit 81920']"
47,host1,192.168.0.1,daemon,2021-03-03T06:29:00,Mar  3 06:29:00 mail augenrules[25455]: lost 1365,17f865ff,Mar <*> <*>:<*>:<*> mail augenrules[<*>]: <*> <*>,"['3 06', '29:00', '25455', 'lost 1365']"
48,host1,192.168.0.1,daemon,2021-03-03T06:29:00,Mar  3 06:29:00 mail augenrules[25455]: backlog 0,17f865ff,Mar <*> <*>:<*>:<*> mail augenrules[<*>]: <*> <*>,"['3 06', '29:00', '25455', 'backlog 0']"
49,host1,192.168.0.1,daemon,2021-03-03T06:29:00,Mar  3 06:29:00 mail augenrules[25455]: backlog_wait_time 0,17f865ff,Mar <*> <*>:<*>:<*> mail augenrules[<*>]: <*> <*>,"['3 06', '29:00', '25455', 'backlog_wait_time 0']"
50,host1,192.168.0.1,daemon,2021-03-03T06:29:00,Mar  3 06:29:00 mail augenrules[25455]: enabled 1,17f865ff,Mar <*> <*>:<*>:<*> mail augenrules[<*>]: <*> <*>,"['3 06', '29:00', '25455', 'enabled 1']"
51,host1,192.168.0.1,daemon,2021-03-03T06:29:00,Mar  3 06:29:00 mail augenrules[25455]: failure 1,17f865ff,Mar <*> <*>:<*>:<*> mail augenrules[<*>]: <*> <*>,"['3 06', '29:00', '25455', 'failure 1']"
52,host1,192.168.0.1,daemon,2021-03-03T06:29:00,Mar  3 06:29:00 mail augenrules[25455]: pid 25454,17f865ff,Mar <*> <*>:<*>:<*> mail augenrules[<*>]: <*> <*>,"['3 06', '29:00', '25455', 'pid 25454']"
53,host1,192.168.0.1,daemon,2021-03-03T06:29:00,Mar  3 06:29:00 mail augenrules[25455]: rate_limit 0,17f865ff,Mar <*> <*>:<*>:<*> mail augenrules[<*>]: <*> <*>,"['3 06', '29:00', '25455', 'rate_limit 0']"
54,host1,192.168.0.1,daemon,2021-03-03T06:29:00,Mar  3 06:29:00 mail augenrules[25455]: backlog_limit 81920,17f865ff,Mar <*> <*>:<*>:<*> mail augenrules[<*>]: <*> <*>,"['3 06', '29:00', '25455', 'backlog_limit 81920']"
55,host1,192.168.0.1,daemon,2021-03-03T06:29:00,Mar  3 06:29:00 mail augenrules[25455]: lost 1365,17f865ff,Mar <*> <*>:<*>:<*> mail augenrules[<*>]: <*> <*>,"['3 06', '29:00', '25455', 'lost 1365']"
56,host1,192.168.0.1,daemon,2021-03-03T06:29:00,Mar  3 06:29:00 mail augenrules[25455]: backlog 0,17f865ff,Mar <*> <*>:<*>:<*> mail augenrules[<*>]: <*> <*>,"['3 06', '29:00', '25455', 'backlog 0']"
57,host1,192.168.0.1,daemon,2021-03-03T06:29:00,Mar  3 06:29:00 mail augenrules[25455]: backlog_wait_time 0,17f865ff,Mar <*> <*>:<*>:<*> mail augenrules[<*>]: <*> <*>,"['3 06', '29:00', '25455', 'backlog_wait_time 0']"
58,host1,192.168.0.1,daemon,2021-03-03T06:39:19,Mar  3 06:39:19 mail systemd[1]: Starting Clean php session files...,e2f489f9,Mar <*> <*>:<*>:<*> mail systemd[<*>]: <*> Clean php session <*>,"['3 06', '39:19', '1', 'Starting', 'files...']"
59,host1,192.168.0.1,daemon,2021-03-03T06:39:19,Mar  3 06:39:19 mail systemd[1]: Started Clean php session files.,e2f489f9,Mar <*> <*>:<*>:<*> mail systemd[<*>]: <*> Clean php session <*>,"['3 06', '39:19', '1', 'Started', 'files.']"
60,host1,192.168.0.1,daemon,2021-03-03T06:39:53,Mar  3 06:39:53 mail systemd[1]: Starting Daily apt upgrade and clean activities...,f1e859c8,Mar <*> <*>:<*>:<*> mail systemd[<*>]: <*> Daily apt upgrade and clean <*>,"['3 06', '39:53', '1', 'Starting', 'activities...']"
61,host1,192.168.0.1,daemon,2021-03-03T06:39:53,Mar  3 06:39:53 mail systemd[1]: Started Daily apt upgrade and clean activities.,f1e859c8,Mar <*> <*>:<*>:<*> mail systemd[<*>]: <*> Daily apt upgrade and clean <*>,"['3 06', '39:53', '1', 'Started', 'activities.']"
62,host1,192.168.0.1,daemon,2021-03-03T06:39:53,Mar  3 06:39:53 mail systemd[1]: apt-daily-upgrade.timer: Adding 57min 26.416111s random time.,9563f306,Mar <*> <*>:<*>:<*> mail systemd[<*>]: apt-daily-upgrade.timer: Adding <*> <*> random time.,"['3 06', '39:53', '1', '57min 26.416111s']"
63,host1,192.168.0.1,daemon,2021-03-03T06:39:53,Mar  3 06:39:53 mail systemd[1]: apt-daily-upgrade.timer: Adding 34min 4.374957s random time.,9563f306,Mar <*> <*>:<*>:<*> mail systemd[<*>]: apt-daily-upgrade.timer: Adding <*> <*> random time.,"['3 06', '39:53', '1', '34min 4.374957s']"
64,host1,192.168.0.1,daemon,2021-03-03T07:09:18,Mar  3 07:09:18 mail systemd[1]: Starting Clean php session files...,e2f489f9,Mar <*> <*>:<*>:<*> mail systemd[<*>]: <*> Clean php session <*>,"['3 07', '09:18', '1', 'Starting', 'files...']"
65,host1,192.168.0.1,daemon,2021-03-03T07:09:19,Mar  3 07:09:19 mail systemd[1]: Started Clean php session files.,e2f489f9,Mar <*> <*>:<*>:<*> mail systemd[<*>]: <*> Clean php session <*>,"['3 07', '09:19', '1', 'Started', 'files.']"
66,host1,192.168.0.1,daemon,2021-03-03T07:39:18,Mar  3 07:39:18 mail systemd[1]: Starting Clean php session files...,e2f489f9,Mar <*> <*>:<*>:<*> mail systemd[<*>]: <*> Clean php session <*>,"['3 07', '39:18', '1', 'Starting', 'files...']"
67,host1,192.168.0.1,daemon,2021-03-03T07:39:19,Mar  3 07:39:19 mail systemd[1]: Started Clean php session files.,e2f489f9,Mar <*> <*>:<*>:<*> mail systemd[<*>]: <*> Clean php session <*>,"['3 07', '39:19', '1', 'Started', 'files.']"
68,host1,192.168.0.1,daemon,2021-03-03T07:51:19,Mar  3 07:51:19 mail dhclient[375]: DHCPREQUEST of 192.168.10.154 on eth0 to 192.168.10.2 port 67,208e2c19,Mar <*> <*>:<*>:<*> mail dhclient[<*>]: DHCPREQUEST of <*> on eth0 to <*> port <*>,"['3 07', '51:19', '375', '192.168.10.154', '192.168.10.2', '67']"
69,host1,192.168.0.1,daemon,2021-03-03T07:51:19,Mar  3 07:51:19 mail dhclient[375]: DHCPACK of 192.168.10.154 from 192.168.10.2,e8c5e314,Mar <*> <*>:<*>:<*> mail dhclient[<*>]: DHCPACK of <*> from <*>,"['3 07', '51:19', '375', '192.168.10.154', '192.168.10.2']"
70,host1,192.168.0.1,daemon,2021-03-03T07:51:19,Mar  3 07:51:19 mail dhclient[375]: bound to 192.168.10.154 -- renewal in 38862 seconds.,54fd87b3,Mar <*> <*>:<*>:<*> mail dhclient[<*>]: bound to <*> -- renewal in <*> seconds.,"['3 07', '51:19', '375', '192.168.10.154', '38862']"
71,host1,192.168.0.1,daemon,2021-03-03T08:09:19,Mar  3 08:09:19 mail systemd[1]: Starting Clean php session files...,e2f489f9,Mar <*> <*>:<*>:<*> mail systemd[<*>]: <*> Clean php session <*>,"['3 08', '09:19', '1', 'Starting', 'files...']"
72,host1,192.168.0.1,daemon,2021-03-03T08:09:19,Mar  3 08:09:19 mail systemd[1]: Started Clean php session files.,e2f489f9,Mar <*> <*>:<*>:<*> mail systemd[<*>]: <*> Clean php session <*>,"['3 08', '09:19', '1', 'Started', 'files.']"
73,host1,192.168.0.1,daemon,2021-03-03T08:39:19,Mar  3 08:39:19 mail systemd[1]: Starting Clean php session files...,e2f489f9,Mar <*> <*>:<*>:<*> mail systemd[<*>]: <*> Clean php session <*>,"['3 08', '39:19', '1', 'Starting', 'files...']"
74,host1,192.168.0.1,daemon,2021-03-03T08:39:19,Mar  3 08:39:19 mail systemd[1]: Started Clean php session files.,e2f489f9,Mar <*> <*>:<*>:<*> mail systemd[<*>]: <*> Clean php session <*>,"['3 08', '39:19', '1', 'Started', 'files.']"
75,host1,192.168.0.1,daemon,2021-03-03T09:09:19,Mar  3 09:09:19 mail systemd[1]: Starting Clean php session files...,e2f489f9,Mar <*> <*>:<*>:<*> mail systemd[<*>]: <*> Clean php session <*>,"['3 09', '09:19', '1', 'Starting', 'files...']"
76,host1,192.168.0.1,daemon,2021-03-03T09:09:19,Mar  3 09:09:19 mail systemd[1]: Started Clean php session files.,e2f489f9,Mar <*> <*>:<*>:<*> mail systemd[<*>]: <*> Clean php session <*>,"['3 09', '09:19', '1', 'Started', 'files.']"
77,host1,192.168.0.1,daemon,2021-03-03T09:22:02,Mar  3 09:22:02 mail dhclient[406]: DHCPREQUEST of 192.168.10.154 on eth0 to 192.168.10.2 port 67,208e2c19,Mar <*> <*>:<*>:<*> mail dhclient[<*>]: DHCPREQUEST of <*> on eth0 to <*> port <*>,"['3 09', '22:02', '406', '192.168.10.154', '192.168.10.2', '67']"
78,host1,192.168.0.1,daemon,2021-03-03T09:22:02,Mar  3 09:22:02 mail dhclient[406]: DHCPACK of 192.168.10.154 from 192.168.10.2,e8c5e314,Mar <*> <*>:<*>:<*> mail dhclient[<*>]: DHCPACK of <*> from <*>,"['3 09', '22:02', '406', '192.168.10.154', '192.168.10.2']"
79,host1,192.168.0.1,daemon,2021-03-03T09:22:02,Mar  3 09:22:02 mail dhclient[406]: bound to 192.168.10.154 -- renewal in 32190 seconds.,54fd87b3,Mar <*> <*>:<*>:<*> mail dhclient[<*>]: bound to <*> -- renewal in <*> seconds.,"['3 09', '22:02', '406', '192.168.10.154', '32190']"
80,host1,192.168.0.1,daemon,2021-03-03T09:39:18,Mar  3 09:39:18 mail systemd[1]: Starting Clean php session files...,e2f489f9,Mar <*> <*>:<*>:<*> mail systemd[<*>]: <*> Clean php session <*>,"['3 09', '39:18', '1', 'Starting', 'files...']"
81,host1,192.168.0.1,daemon,2021-03-03T09:39:19,Mar  3 09:39:19 mail systemd[1]: Started Clean php session files.,e2f489f9,Mar <*> <*>:<*>:<*> mail systemd[<*>]: <*> Clean php session <*>,"['3 09', '39:19', '1', 'Started', 'files.']"
82,host1,192.168.0.1,daemon,2021-03-03T09:43:18,Mar  3 09:43:18 mail systemd[1]: Starting Daily apt download activities...,d8914b98,Mar <*> <*>:<*>:<*> mail systemd[<*>]: <*> Daily apt download <*>,"['3 09', '43:18', '1', 'Starting', 'activities...']"
83,host1,192.168.0.1,daemon,2021-03-03T09:43:19,Mar  3 09:43:19 mail systemd[1]: Started Daily apt download activities.,d8914b98,Mar <*> <*>:<*>:<*> mail systemd[<*>]: <*> Daily apt download <*>,"['3 09', '43:19', '1', 'Started', 'activities.']"
84,host1,192.168.0.1,daemon,2021-03-03T09:43:19,Mar  3 09:43:19 mail systemd[1]: apt-daily.timer: Adding 2h 18min 24.936527s random time.,52df2902,Mar <*> <*>:<*>:<*> mail systemd[<*>]: apt-daily.timer: Adding <*> <*> <*> random time.,"['3 09', '43:19', '1', '2h', '18min 24.936527s']"
85,host1,192.168.0.1,daemon,2021-03-03T09:43:19,Mar  3 09:43:19 mail systemd[1]: apt-daily.timer: Adding 10h 30min 12.862993s random time.,52df2902,Mar <*> <*>:<*>:<*> mail systemd[<*>]: apt-daily.timer: Adding <*> <*> <*> random time.,"['3 09', '43:19', '1', '10h', '30min 12.862993s']"
86,host1,192.168.0.1,daemon,2021-03-03T10:09:19,Mar  3 10:09:19 mail systemd[1]: Starting Clean php session files...,e2f489f9,Mar <*> <*>:<*>:<*> mail systemd[<*>]: <*> Clean php session <*>,"['3 10', '09:19', '1', 'Starting', 'files...']"
87,host1,192.168.0.1,daemon,2021-03-03T10:09:19,Mar  3 10:09:19 mail systemd[1]: Started Clean php session files.,e2f489f9,Mar <*> <*>:<*>:<*> mail systemd[<*>]: <*> Clean php session <*>,"['3 10', '09:19', '1', 'Started', 'files.']"
88,host1,192.168.0.1,daemon,2021-03-03T10:39:18,Mar  3 10:39:18 mail systemd[1]: Starting Clean php session files...,e2f489f9,Mar <*> <*>:<*>:<*> mail systemd[<*>]: <*> Clean php session <*>,"['3 10', '39:18', '1', 'Starting', 'files...']"
89,host1,192.168.0.1,daemon,2021-03-03T10:39:19,Mar  3 10:39:19 mail systemd[1]: Started Clean php session files.,e2f489f9,Mar <*> <*>:<*>:<*> mail systemd[<*>]: <*> Clean php session <*>,"['3 10', '39:19', '1', 'Started', 'files.']"
90,host1,192.168.0.1,daemon,2021-03-03T11:09:18,Mar  3 11:09:18 mail systemd[1]: Starting Clean php session files...,e2f489f9,Mar <*> <*>:<*>:<*> mail systemd[<*>]: <*> Clean php session <*>,"['3 11', '09:18', '1', 'Starting', 'files...']"
91,host1,192.168.0.1,daemon,2021-03-03T11:09:19,Mar  3 11:09:19 mail systemd[1]: Started Clean php session files.,e2f489f9,Mar <*> <*>:<*>:<*> mail systemd[<*>]: <*> Clean php session <*>,"['3 11', '09:19', '1', 'Started', 'files.']"
92,host1,192.168.0.1,daemon,2021-03-03T11:39:19,Mar  3 11:39:19 mail systemd[1]: Starting Clean php session files...,e2f489f9,Mar <*> <*>:<*>:<*> mail systemd[<*>]: <*> Clean php session <*>,"['3 11', '39:19', '1', 'Starting', 'files...']"
93,host1,192.168.0.1,daemon,2021-03-03T11:39:19,Mar  3 11:39:19 mail systemd[1]: Started Clean php session files.,e2f489f9,Mar <*> <*>:<*>:<*> mail systemd[<*>]: <*> Clean php session <*>,"['3 11', '39:19', '1', 'Started', 'files.']"
94,host1,192.168.0.1,daemon,2021-03-03T12:09:19,Mar  3 12:09:19 mail systemd[1]: Starting Clean php session files...,e2f489f9,Mar <*> <*>:<*>:<*> mail systemd[<*>]: <*> Clean php session <*>,"['3 12', '09:19', '1', 'Starting', 'files...']"
95,host1,192.168.0.1,daemon,2021-03-03T12:09:19,Mar  3 12:09:19 mail systemd[1]: Started Clean php session files.,e2f489f9,Mar <*> <*>:<*>:<*> mail systemd[<*>]: <*> Clean php session <*>,"['3 12', '09:19', '1', 'Started', 'files.']"
96,host1,192.168.0.1,daemon,2021-03-03T12:39:19,Mar  3 12:39:19 mail systemd[1]: Starting Clean php session files...,e2f489f9,Mar <*> <*>:<*>:<*> mail systemd[<*>]: <*> Clean php session <*>,"['3 12', '39:19', '1', 'Starting', 'files...']"
97,host1,192.168.0.1,daemon,2021-03-03T12:39:19,Mar  3 12:39:19 mail systemd[1]: Started Clean php session files.,e2f489f9,Mar <*> <*>:<*>:<*> mail systemd[<*>]: <*> Clean php session <*>,"['3 12', '39:19', '1', 'Started', 'files.']"
98,host1,192.168.0.1,daemon,2021-03-03T13:09:18,Mar  3 13:09:18 mail systemd[1]: Starting Clean php session files...,e2f489f9,Mar <*> <*>:<*>:<*> mail systemd[<*>]: <*> Clean php session <*>,"['3 13', '09:18', '1', 'Starting', 'files...']"
99,host1,192.168.0.1,daemon,2021-03-03T13:09:19,Mar  3 13:09:19 mail systemd[1]: Started Clean php session files.,e2f489f9,Mar <*> <*>:<*>:<*> mail systemd[<*>]: <*> Clean php session <*>,"['3 13', '09:19', '1', 'Started', 'files.']"
100,host1,192.168.0.1,daemon,2021-03-03T13:39:18,Mar  3 13:39:18 mail systemd[1]: Starting Clean php session files...,e2f489f9,Mar <*> <*>:<*>:<*> mail systemd[<*>]: <*> Clean php session <*>,"['3 13', '39:18', '1', 'Starting', 'files...']"
101,host1,192.168.0.1,daemon,2021-03-03T13:39:19,Mar  3 13:39:19 mail systemd[1]: Started Clean php session files.,e2f489f9,Mar <*> <*>:<*>:<*> mail systemd[<*>]: <*> Clean php session <*>,"['3 13', '39:19', '1', 'Started', 'files.']"
102,host1,192.168.0.1,daemon,2021-03-03T14:09:07,Mar  3 14:09:07 mail systemd[1]: Starting Clean php session files...,e2f489f9,Mar <*> <*>:<*>:<*> mail systemd[<*>]: <*> Clean php session <*>,"['3 14', '09:07', '1', 'Starting', 'files...']"
103,host1,192.168.0.1,daemon,2021-03-03T14:09:07,Mar  3 14:09:07 mail systemd[1]: Started Clean php session files.,e2f489f9,Mar <*> <*>:<*>:<*> mail systemd[<*>]: <*> Clean php session <*>,"['3 14', '09:07', '1', 'Started', 'files.']"
104,host1,192.168.0.1,daemon,2021-03-03T14:39:18,Mar  3 14:39:18 mail systemd[1]: Starting Clean php session files...,e2f489f9,Mar <*> <*>:<*>:<*> mail systemd[<*>]: <*> Clean php session <*>,"['3 14', '39:18', '1', 'Starting', 'files...']"
105,host1,192.168.0.1,daemon,2021-03-03T14:39:19,Mar  3 14:39:19 mail systemd[1]: Started Clean php session files.,e2f489f9,Mar <*> <*>:<*>:<*> mail systemd[<*>]: <*> Clean php session <*>,"['3 14', '39:19', '1', 'Started', 'files.']"
106,host1,192.168.0.1,daemon,2021-03-03T15:09:18,Mar  3 15:09:18 mail systemd[1]: Starting Clean php session files...,e2f489f9,Mar <*> <*>:<*>:<*> mail systemd[<*>]: <*> Clean php session <*>,"['3 15', '09:18', '1', 'Starting', 'files...']"
107,host1,192.168.0.1,daemon,2021-03-03T15:09:19,Mar  3 15:09:19 mail systemd[1]: Started Clean php session files.,e2f489f9,Mar <*> <*>:<*>:<*> mail systemd[<*>]: <*> Clean php session <*>,"['3 15', '09:19', '1', 'Started', 'files.']"
108,host1,192.168.0.1,daemon,2021-03-03T15:39:19,Mar  3 15:39:19 mail systemd[1]: Starting Clean php session files...,e2f489f9,Mar <*> <*>:<*>:<*> mail systemd[<*>]: <*> Clean php session <*>,"['3 15', '39:19', '1', 'Starting', 'files...']"
109,host1,192.168.0.1,daemon,2021-03-03T15:39:19,Mar  3 15:39:19 mail systemd[1]: Started Clean php session files.,e2f489f9,Mar <*> <*>:<*>:<*> mail systemd[<*>]: <*> Clean php session <*>,"['3 15', '39:19', '1', 'Started', 'files.']"
110,host1,192.168.0.1,daemon,2021-03-03T16:09:18,Mar  3 16:09:18 mail systemd[1]: Starting Clean php session files...,e2f489f9,Mar <*> <*>:<*>:<*> mail systemd[<*>]: <*> Clean php session <*>,"['3 16', '09:18', '1', 'Starting', 'files...']"
111,host1,192.168.0.1,daemon,2021-03-03T16:09:19,Mar  3 16:09:19 mail systemd[1]: Started Clean php session files.,e2f489f9,Mar <*> <*>:<*>:<*> mail systemd[<*>]: <*> Clean php session <*>,"['3 16', '09:19', '1', 'Started', 'files.']"
112,host1,192.168.0.1,daemon,2021-03-03T16:39:18,Mar  3 16:39:18 mail systemd[1]: Starting Clean php session files...,e2f489f9,Mar <*> <*>:<*>:<*> mail systemd[<*>]: <*> Clean php session <*>,"['3 16', '39:18', '1', 'Starting', 'files...']"
113,host1,192.168.0.1,daemon,2021-03-03T16:39:19,Mar  3 16:39:19 mail systemd[1]: Started Clean php session files.,e2f489f9,Mar <*> <*>:<*>:<*> mail systemd[<*>]: <*> Clean php session <*>,"['3 16', '39:19', '1', 'Started', 'files.']"
114,host1,192.168.0.1,daemon,2021-03-03T17:09:18,Mar  3 17:09:18 mail systemd[1]: Starting Clean php session files...,e2f489f9,Mar <*> <*>:<*>:<*> mail systemd[<*>]: <*> Clean php session <*>,"['3 17', '09:18', '1', 'Starting', 'files...']"
115,host1,192.168.0.1,daemon,2021-03-03T17:09:19,Mar  3 17:09:19 mail systemd[1]: Started Clean php session files.,e2f489f9,Mar <*> <*>:<*>:<*> mail systemd[<*>]: <*> Clean php session <*>,"['3 17', '09:19', '1', 'Started', 'files.']"
116,host1,192.168.0.1,daemon,2021-03-03T17:39:18,Mar  3 17:39:18 mail systemd[1]: Starting Clean php session files...,e2f489f9,Mar <*> <*>:<*>:<*> mail systemd[<*>]: <*> Clean php session <*>,"['3 17', '39:18', '1', 'Starting', 'files...']"
117,host1,192.168.0.1,daemon,2021-03-03T17:39:19,Mar  3 17:39:19 mail systemd[1]: Started Clean php session files.,e2f489f9,Mar <*> <*>:<*>:<*> mail systemd[<*>]: <*> Clean php session <*>,"['3 17', '39:19', '1', 'Started', 'files.']"
118,host1,192.168.0.1,daemon,2021-03-03T18:09:19,Mar  3 18:09:19 mail systemd[1]: Starting Clean php session files...,e2f489f9,Mar <*> <*>:<*>:<*> mail systemd[<*>]: <*> Clean php session <*>,"['3 18', '09:19', '1', 'Starting', 'files...']"
119,host1,192.168.0.1,daemon,2021-03-03T18:09:19,Mar  3 18:09:19 mail systemd[1]: Started Clean php session files.,e2f489f9,Mar <*> <*>:<*>:<*> mail systemd[<*>]: <*> Clean php session <*>,"['3 18', '09:19', '1', 'Started', 'files.']"
120,host1,192.168.0.1,daemon,2021-03-03T18:18:32,Mar  3 18:18:32 mail dhclient[406]: DHCPREQUEST of 192.168.10.154 on eth0 to 192.168.10.2 port 67,208e2c19,Mar <*> <*>:<*>:<*> mail dhclient[<*>]: DHCPREQUEST of <*> on eth0 to <*> port <*>,"['3 18', '18:32', '406', '192.168.10.154', '192.168.10.2', '67']"
121,host1,192.168.0.1,daemon,2021-03-03T18:18:32,Mar  3 18:18:32 mail dhclient[406]: DHCPACK of 192.168.10.154 from 192.168.10.2,e8c5e314,Mar <*> <*>:<*>:<*> mail dhclient[<*>]: DHCPACK of <*> from <*>,"['3 18', '18:32', '406', '192.168.10.154', '192.168.10.2']"
122,host1,192.168.0.1,daemon,2021-03-03T18:18:32,Mar  3 18:18:32 mail dhclient[406]: bound to 192.168.10.154 -- renewal in 37576 seconds.,54fd87b3,Mar <*> <*>:<*>:<*> mail dhclient[<*>]: bound to <*> -- renewal in <*> seconds.,"['3 18', '18:32', '406', '192.168.10.154', '37576']"
123,host1,192.168.0.1,daemon,2021-03-03T18:27:48,Mar  3 18:27:48 mail systemd[1]: Starting Cleanup of Temporary Directories...,1c40a5a5,Mar <*> <*>:<*>:<*> mail systemd[<*>]: <*> Cleanup of Temporary <*>,"['3 18', '27:48', '1', 'Starting', 'Directories...']"
124,host1,192.168.0.1,daemon,2021-03-03T18:27:48,Mar  3 18:27:48 mail systemd[1]: Started Cleanup of Temporary Directories.,1c40a5a5,Mar <*> <*>:<*>:<*> mail systemd[<*>]: <*> Cleanup of Temporary <*>,"['3 18', '27:48', '1', 'Started', 'Directories.']"
125,host1,192.168.0.1,daemon,2021-03-03T18:39:01,Mar  3 18:39:01 mail dhclient[375]: DHCPREQUEST of 192.168.10.154 on eth0 to 192.168.10.2 port 67,208e2c19,Mar <*> <*>:<*>:<*> mail dhclient[<*>]: DHCPREQUEST of <*> on eth0 to <*> port <*>,"['3 18', '39:01', '375', '192.168.10.154', '192.168.10.2', '67']"
126,host1,192.168.0.1,daemon,2021-03-03T18:39:01,Mar  3 18:39:01 mail dhclient[375]: DHCPACK of 192.168.10.154 from 192.168.10.2,e8c5e314,Mar <*> <*>:<*>:<*> mail dhclient[<*>]: DHCPACK of <*> from <*>,"['3 18', '39:01', '375', '192.168.10.154', '192.168.10.2']"
127,host1,192.168.0.1,daemon,2021-03-03T18:39:01,Mar  3 18:39:01 mail dhclient[375]: bound to 192.168.10.154 -- renewal in 31639 seconds.,54fd87b3,Mar <*> <*>:<*>:<*> mail dhclient[<*>]: bound to <*> -- renewal in <*> seconds.,"['3 18', '39:01', '375', '192.168.10.154', '31639']"
128,host1,192.168.0.1,daemon,2021-03-03T18:39:19,Mar  3 18:39:19 mail systemd[1]: Starting Clean php session files...,e2f489f9,Mar <*> <*>:<*>:<*> mail systemd[<*>]: <*> Clean php session <*>,"['3 18', '39:19', '1', 'Starting', 'files...']"
129,host1,192.168.0.1,daemon,2021-03-03T18:39:19,Mar  3 18:39:19 mail systemd[1]: Started Clean php session files.,e2f489f9,Mar <*> <*>:<*>:<*> mail systemd[<*>]: <*> Clean php session <*>,"['3 18', '39:19', '1', 'Started', 'files.']"
130,host1,192.168.0.1,daemon,2021-03-03T19:09:19,Mar  3 19:09:19 mail systemd[1]: Starting Clean php session files...,e2f489f9,Mar <*> <*>:<*>:<*> mail systemd[<*>]: <*> Clean php session <*>,"['3 19', '09:19', '1', 'Starting', 'files...']"
131,host1,192.168.0.1,daemon,2021-03-03T19:09:19,Mar  3 19:09:19 mail systemd[1]: Started Clean php session files.,e2f489f9,Mar <*> <*>:<*>:<*> mail systemd[<*>]: <*> Clean php session <*>,"['3 19', '09:19', '1', 'Started', 'files.']"
132,host1,192.168.0.1,daemon,2021-03-03T19:39:18,Mar  3 19:39:18 mail systemd[1]: Starting Clean php session files...,e2f489f9,Mar <*> <*>:<*>:<*> mail systemd[<*>]: <*> Clean php session <*>,"['3 19', '39:18', '1', 'Starting', 'files...']"
133,host1,192.168.0.1,daemon,2021-03-03T19:39:19,Mar  3 19:39:19 mail systemd[1]: Started Clean php session files.,e2f489f9,Mar <*> <*>:<*>:<*> mail systemd[<*>]: <*> Clean php session <*>,"['3 19', '39:19', '1', 'Started', 'files.']"
134,host1,192.168.0.1,daemon,2021-03-03T20:09:18,Mar  3 20:09:18 mail systemd[1]: Starting Clean php session files...,e2f489f9,Mar <*> <*>:<*>:<*> mail systemd[<*>]: <*> Clean php session <*>,"['3 20', '09:18', '1', 'Starting', 'files...']"
135,host1,192.168.0.1,daemon,2021-03-03T20:09:19,Mar  3 20:09:19 mail systemd[1]: Started Clean php session files.,e2f489f9,Mar <*> <*>:<*>:<*> mail systemd[<*>]: <*> Clean php session <*>,"['3 20', '09:19', '1', 'Started', 'files.']"
136,host1,192.168.0.1,daemon,2021-03-03T20:39:18,Mar  3 20:39:18 mail systemd[1]: Starting Clean php session files...,e2f489f9,Mar <*> <*>:<*>:<*> mail systemd[<*>]: <*> Clean php session <*>,"['3 20', '39:18', '1', 'Starting', 'files...']"
137,host1,192.168.0.1,daemon,2021-03-03T20:39:19,Mar  3 20:39:19 mail systemd[1]: Started Clean php session files.,e2f489f9,Mar <*> <*>:<*>:<*> mail systemd[<*>]: <*> Clean php session <*>,"['3 20', '39:19', '1', 'Started', 'files.']"
138,host1,192.168.0.1,daemon,2021-03-03T21:09:19,Mar  3 21:09:19 mail systemd[1]: Starting Clean php session files...,e2f489f9,Mar <*> <*>:<*>:<*> mail systemd[<*>]: <*> Clean php session <*>,"['3 21', '09:19', '1', 'Starting', 'files...']"
139,host1,192.168.0.1,daemon,2021-03-03T21:09:19,Mar  3 21:09:19 mail systemd[1]: Started Clean php session files.,e2f489f9,Mar <*> <*>:<*>:<*> mail systemd[<*>]: <*> Clean php session <*>,"['3 21', '09:19', '1', 'Started', 'files.']"
140,host1,192.168.0.1,daemon,2021-03-03T21:39:19,Mar  3 21:39:19 mail systemd[1]: Starting Clean php session files...,e2f489f9,Mar <*> <*>:<*>:<*> mail systemd[<*>]: <*> Clean php session <*>,"['3 21', '39:19', '1', 'Starting', 'files...']"
141,host1,192.168.0.1,daemon,2021-03-03T21:39:19,Mar  3 21:39:19 mail systemd[1]: Started Clean php session files.,e2f489f9,Mar <*> <*>:<*>:<*> mail systemd[<*>]: <*> Clean php session <*>,"['3 21', '39:19', '1', 'Started', 'files.']"
142,host1,192.168.0.1,daemon,2021-03-03T22:09:19,Mar  3 22:09:19 mail systemd[1]: Starting Clean php session files...,e2f489f9,Mar <*> <*>:<*>:<*> mail systemd[<*>]: <*> Clean php session <*>,"['3 22', '09:19', '1', 'Starting', 'files...']"
143,host1,192.168.0.1,daemon,2021-03-03T22:09:19,Mar  3 22:09:19 mail systemd[1]: Started Clean php session files.,e2f489f9,Mar <*> <*>:<*>:<*> mail systemd[<*>]: <*> Clean php session <*>,"['3 22', '09:19', '1', 'Started', 'files.']"
144,host1,192.168.0.1,daemon,2021-03-03T22:39:18,Mar  3 22:39:18 mail systemd[1]: Starting Clean php session files...,e2f489f9,Mar <*> <*>:<*>:<*> mail systemd[<*>]: <*> Clean php session <*>,"['3 22', '39:18', '1', 'Starting', 'files...']"
145,host1,192.168.0.1,daemon,2021-03-03T22:39:19,Mar  3 22:39:19 mail systemd[1]: Started Clean php session files.,e2f489f9,Mar <*> <*>:<*>:<*> mail systemd[<*>]: <*> Clean php session <*>,"['3 22', '39:19', '1', 'Started', 'files.']"
146,host1,192.168.0.1,daemon,2021-03-03T23:09:19,Mar  3 23:09:19 mail systemd[1]: Starting Clean php session files...,e2f489f9,Mar <*> <*>:<*>:<*> mail systemd[<*>]: <*> Clean php session <*>,"['3 23', '09:19', '1', 'Starting', 'files...']"
147,host1,192.168.0.1,daemon,2021-03-03T23:09:19,Mar  3 23:09:19 mail systemd[1]: Started Clean php session files.,e2f489f9,Mar <*> <*>:<*>:<*> mail systemd[<*>]: <*> Clean php session <*>,"['3 23', '09:19', '1', 'Started', 'files.']"
148,host1,192.168.0.1,daemon,2021-03-03T23:39:18,Mar  3 23:39:18 mail systemd[1]: Starting Clean php session files...,e2f489f9,Mar <*> <*>:<*>:<*> mail systemd[<*>]: <*> Clean php session <*>,"['3 23', '39:18', '1', 'Starting', 'files...']"
149,host1,192.168.0.1,daemon,2021-03-03T23:39:19,Mar  3 23:39:19 mail systemd[1]: Started Clean php session files.,e2f489f9,Mar <*> <*>:<*>:<*> mail systemd[<*>]: <*> Clean php session <*>,"['3 23', '39:19', '1', 'Started', 'files.']"
150,host1,192.168.0.1,daemon,2021-03-03T00:09:19,Mar  4 00:09:19 mail systemd[1]: Starting Clean php session files...,e2f489f9,Mar <*> <*>:<*>:<*> mail systemd[<*>]: <*> Clean php session <*>,"['4 00', '09:19', '1', 'Starting', 'files...']"
151,host1,192.168.0.1,daemon,2021-03-03T00:09:19,Mar  4 00:09:19 mail systemd[1]: Started Clean php session files.,e2f489f9,Mar <*> <*>:<*>:<*> mail systemd[<*>]: <*> Clean php session <*>,"['4 00', '09:19', '1', 'Started', 'files.']"
152,host1,192.168.0.1,daemon,2021-03-03T00:39:18,Mar  4 00:39:18 mail systemd[1]: Starting Clean php session files...,e2f489f9,Mar <*> <*>:<*>:<*> mail systemd[<*>]: <*> Clean php session <*>,"['4 00', '39:18', '1', 'Starting', 'files...']"
153,host1,192.168.0.1,daemon,2021-03-03T00:39:19,Mar  4 00:39:19 mail systemd[1]: Started Clean php session files.,e2f489f9,Mar <*> <*>:<*>:<*> mail systemd[<*>]: <*> Clean php session <*>,"['4 00', '39:19', '1', 'Started', 'files.']"
154,host1,192.168.0.1,daemon,2021-03-03T01:09:18,Mar  4 01:09:18 mail systemd[1]: Starting Clean php session files...,e2f489f9,Mar <*> <*>:<*>:<*> mail systemd[<*>]: <*> Clean php session <*>,"['4 01', '09:18', '1', 'Starting', 'files...']"
155,host1,192.168.0.1,daemon,2021-03-03T01:09:19,Mar  4 01:09:19 mail systemd[1]: Started Clean php session files.,e2f489f9,Mar <*> <*>:<*>:<*> mail systemd[<*>]: <*> Clean php session <*>,"['4 01', '09:19', '1', 'Started', 'files.']"
156,host1,192.168.0.1,daemon,2021-03-03T01:39:18,Mar  4 01:39:18 mail systemd[1]: Starting Clean php session files...,e2f489f9,Mar <*> <*>:<*>:<*> mail systemd[<*>]: <*> Clean php session <*>,"['4 01', '39:18', '1', 'Starting', 'files...']"
157,host1,192.168.0.1,daemon,2021-03-03T01:39:19,Mar  4 01:39:19 mail systemd[1]: Started Clean php session files.,e2f489f9,Mar <*> <*>:<*>:<*> mail systemd[<*>]: <*> Clean php session <*>,"['4 01', '39:19', '1', 'Started', 'files.']"
158,host1,192.168.0.1,daemon,2021-03-03T02:09:18,Mar  4 02:09:18 mail systemd[1]: Starting Clean php session files...,e2f489f9,Mar <*> <*>:<*>:<*> mail systemd[<*>]: <*> Clean php session <*>,"['4 02', '09:18', '1', 'Starting', 'files...']"
159,host1,192.168.0.1,daemon,2021-03-03T02:09:19,Mar  4 02:09:19 mail systemd[1]: Started Clean php session files.,e2f489f9,Mar <*> <*>:<*>:<*> mail systemd[<*>]: <*> Clean php session <*>,"['4 02', '09:19', '1', 'Started', 'files.']"
160,host1,192.168.0.1,daemon,2021-03-03T02:39:04,Mar  4 02:39:04 mail systemd[1]: Starting Clean php session files...,e2f489f9,Mar <*> <*>:<*>:<*> mail systemd[<*>]: <*> Clean php session <*>,"['4 02', '39:04', '1', 'Starting', 'files...']"
161,host1,192.168.0.1,daemon,2021-03-03T02:39:04,Mar  4 02:39:04 mail systemd[1]: Started Clean php session files.,e2f489f9,Mar <*> <*>:<*>:<*> mail systemd[<*>]: <*> Clean php session <*>,"['4 02', '39:04', '1', 'Started', 'files.']"
162,host1,192.168.0.1,daemon,2021-03-03T03:09:18,Mar  4 03:09:18 mail systemd[1]: Starting Clean php session files...,e2f489f9,Mar <*> <*>:<*>:<*> mail systemd[<*>]: <*> Clean php session <*>,"['4 03', '09:18', '1', 'Starting', 'files...']"
163,host1,192.168.0.1,daemon,2021-03-03T03:09:19,Mar  4 03:09:19 mail systemd[1]: Started Clean php session files.,e2f489f9,Mar <*> <*>:<*>:<*> mail systemd[<*>]: <*> Clean php session <*>,"['4 03', '09:19', '1', 'Started', 'files.']"
164,host1,192.168.0.1,daemon,2021-03-03T03:26:20,Mar  4 03:26:20 mail dhclient[375]: DHCPREQUEST of 192.168.10.154 on eth0 to 192.168.10.2 port 67,208e2c19,Mar <*> <*>:<*>:<*> mail dhclient[<*>]: DHCPREQUEST of <*> on eth0 to <*> port <*>,"['4 03', '26:20', '375', '192.168.10.154', '192.168.10.2', '67']"
165,host1,192.168.0.1,daemon,2021-03-03T03:26:20,Mar  4 03:26:20 mail dhclient[375]: DHCPACK of 192.168.10.154 from 192.168.10.2,e8c5e314,Mar <*> <*>:<*>:<*> mail dhclient[<*>]: DHCPACK of <*> from <*>,"['4 03', '26:20', '375', '192.168.10.154', '192.168.10.2']"
166,host1,192.168.0.1,daemon,2021-03-03T03:26:20,Mar  4 03:26:20 mail dhclient[375]: bound to 192.168.10.154 -- renewal in 38635 seconds.,54fd87b3,Mar <*> <*>:<*>:<*> mail dhclient[<*>]: bound to <*> -- renewal in <*> seconds.,"['4 03', '26:20', '375', '192.168.10.154', '38635']"
167,host1,192.168.0.1,daemon,2021-03-03T03:39:18,Mar  4 03:39:18 mail systemd[1]: Starting Clean php session files...,e2f489f9,Mar <*> <*>:<*>:<*> mail systemd[<*>]: <*> Clean php session <*>,"['4 03', '39:18', '1', 'Starting', 'files...']"
168,host1,192.168.0.1,daemon,2021-03-03T03:39:19,Mar  4 03:39:19 mail systemd[1]: Started Clean php session files.,e2f489f9,Mar <*> <*>:<*>:<*> mail systemd[<*>]: <*> Clean php session <*>,"['4 03', '39:19', '1', 'Started', 'files.']"
169,host1,192.168.0.1,daemon,2021-03-03T04:09:19,Mar  4 04:09:19 mail systemd[1]: Starting Clean php session files...,e2f489f9,Mar <*> <*>:<*>:<*> mail systemd[<*>]: <*> Clean php session <*>,"['4 04', '09:19', '1', 'Starting', 'files...']"
170,host1,192.168.0.1,daemon,2021-03-03T04:09:19,Mar  4 04:09:19 mail systemd[1]: Started Clean php session files.,e2f489f9,Mar <*> <*>:<*>:<*> mail systemd[<*>]: <*> Clean php session <*>,"['4 04', '09:19', '1', 'Started', 'files.']"
171,host1,192.168.0.1,daemon,2021-03-03T04:30:18,Mar  4 04:30:18 mail systemd[1]: Starting Daily apt download activities...,d8914b98,Mar <*> <*>:<*>:<*> mail systemd[<*>]: <*> Daily apt download <*>,"['4 04', '30:18', '1', 'Starting', 'activities...']"
172,host1,192.168.0.1,daemon,2021-03-03T04:30:19,Mar  4 04:30:19 mail systemd[1]: Started Daily apt download activities.,d8914b98,Mar <*> <*>:<*>:<*> mail systemd[<*>]: <*> Daily apt download <*>,"['4 04', '30:19', '1', 'Started', 'activities.']"
173,host1,192.168.0.1,daemon,2021-03-03T04:30:19,Mar  4 04:30:19 mail systemd[1]: apt-daily.timer: Adding 3h 10min 29.117316s random time.,52df2902,Mar <*> <*>:<*>:<*> mail systemd[<*>]: apt-daily.timer: Adding <*> <*> <*> random time.,"['4 04', '30:19', '1', '3h', '10min 29.117316s']"
174,host1,192.168.0.1,daemon,2021-03-03T04:30:19,Mar  4 04:30:19 mail systemd[1]: apt-daily.timer: Adding 4h 2min 30.537388s random time.,52df2902,Mar <*> <*>:<*>:<*> mail systemd[<*>]: apt-daily.timer: Adding <*> <*> <*> random time.,"['4 04', '30:19', '1', '4h', '2min 30.537388s']"
175,host1,192.168.0.1,daemon,2021-03-03T04:39:49,Mar  4 04:39:49 mail systemd[1]: Starting Clean php session files...,e2f489f9,Mar <*> <*>:<*>:<*> mail systemd[<*>]: <*> Clean php session <*>,"['4 04', '39:49', '1', 'Starting', 'files...']"
176,host1,192.168.0.1,daemon,2021-03-03T04:39:49,Mar  4 04:39:49 mail systemd[1]: Started Clean php session files.,e2f489f9,Mar <*> <*>:<*>:<*> mail systemd[<*>]: <*> Clean php session <*>,"['4 04', '39:49', '1', 'Started', 'files.']"
177,host1,192.168.0.1,daemon,2021-03-03T04:44:48,Mar  4 04:44:48 mail dhclient[406]: DHCPREQUEST of 192.168.10.154 on eth0 to 192.168.10.2 port 67,208e2c19,Mar <*> <*>:<*>:<*> mail dhclient[<*>]: DHCPREQUEST of <*> on eth0 to <*> port <*>,"['4 04', '44:48', '406', '192.168.10.154', '192.168.10.2', '67']"
178,host1,192.168.0.1,daemon,2021-03-03T04:44:48,Mar  4 04:44:48 mail dhclient[406]: DHCPACK of 192.168.10.154 from 192.168.10.2,e8c5e314,Mar <*> <*>:<*>:<*> mail dhclient[<*>]: DHCPACK of <*> from <*>,"['4 04', '44:48', '406', '192.168.10.154', '192.168.10.2']"
179,host1,192.168.0.1,daemon,2021-03-03T04:44:48,Mar  4 04:44:48 mail dhclient[406]: bound to 192.168.10.154 -- renewal in 34831 seconds.,54fd87b3,Mar <*> <*>:<*>:<*> mail dhclient[<*>]: bound to <*> -- renewal in <*> seconds.,"['4 04', '44:48', '406', '192.168.10.154', '34831']"
180,host1,192.168.0.1,daemon,2021-03-03T05:09:50,Mar  4 05:09:50 mail systemd[1]: Starting Clean php session files...,e2f489f9,Mar <*> <*>:<*>:<*> mail systemd[<*>]: <*> Clean php session <*>,"['4 05', '09:50', '1', 'Starting', 'files...']"
181,host1,192.168.0.1,daemon,2021-03-03T05:09:50,Mar  4 05:09:50 mail systemd[1]: Started Clean php session files.,e2f489f9,Mar <*> <*>:<*>:<*> mail systemd[<*>]: <*> Clean php session <*>,"['4 05', '09:50', '1', 'Started', 'files.']"
182,host1,192.168.0.1,daemon,2021-03-03T05:39:52,Mar  4 05:39:52 mail systemd[1]: Starting Clean php session files...,e2f489f9,Mar <*> <*>:<*>:<*> mail systemd[<*>]: <*> Clean php session <*>,"['4 05', '39:52', '1', 'Starting', 'files...']"
183,host1,192.168.0.1,daemon,2021-03-03T05:39:52,Mar  4 05:39:52 mail systemd[1]: Started Clean php session files.,e2f489f9,Mar <*> <*>:<*>:<*> mail systemd[<*>]: <*> Clean php session <*>,"['4 05', '39:52', '1', 'Started', 'files.']"
184,host1,192.168.0.1,daemon,2021-03-03T06:09:48,Mar  4 06:09:48 mail systemd[1]: Starting Clean php session files...,e2f489f9,Mar <*> <*>:<*>:<*> mail systemd[<*>]: <*> Clean php session <*>,"['4 06', '09:48', '1', 'Starting', 'files...']"
185,host1,192.168.0.1,daemon,2021-03-03T06:09:49,Mar  4 06:09:49 mail systemd[1]: Started Clean php session files.,e2f489f9,Mar <*> <*>:<*>:<*> mail systemd[<*>]: <*> Clean php session <*>,"['4 06', '09:49', '1', 'Started', 'files.']"
186,host1,192.168.0.1,daemon,2021-03-03T06:25:32,Mar  4 06:25:32 mail systemd[1]: Reloading The Apache HTTP Server.,92789e82,Mar <*> <*>:<*>:<*> mail systemd[<*>]: <*> The Apache HTTP Server.,"['4 06', '25:32', '1', 'Reloading']"
187,host1,192.168.0.1,daemon,2021-03-03T06:25:32,Mar  4 06:25:32 mail systemd[1]: Reloaded The Apache HTTP Server.,92789e82,Mar <*> <*>:<*>:<*> mail systemd[<*>]: <*> The Apache HTTP Server.,"['4 06', '25:32', '1', 'Reloaded']"
188,host1,192.168.0.1,daemon,2021-03-03T06:29:05,Mar  4 06:29:05 mail systemd[1]: Stopping Security Auditing Service...,76f9ac58,Mar <*> <*>:<*>:<*> mail systemd[<*>]: <*> Security Auditing <*>,"['4 06', '29:05', '1', 'Stopping', 'Service...']"
189,host1,192.168.0.1,daemon,2021-03-03T06:29:05,Mar  4 06:29:05 mail auditd[25454]: The audit daemon is exiting.,df60780e,Mar <*> <*>:<*>:<*> mail auditd[<*>]: The audit daemon is exiting.,"['4 06', '29:05', '25454']"
190,host1,192.168.0.1,daemon,2021-03-03T06:29:05,Mar  4 06:29:05 mail systemd[1]: Stopped Security Auditing Service.,76f9ac58,Mar <*> <*>:<*>:<*> mail systemd[<*>]: <*> Security Auditing <*>,"['4 06', '29:05', '1', 'Stopped', 'Service.']"
191,host1,192.168.0.1,daemon,2021-03-03T06:29:05,Mar  4 06:29:05 mail systemd[1]: Starting Security Auditing Service...,76f9ac58,Mar <*> <*>:<*>:<*> mail systemd[<*>]: <*> Security Auditing <*>,"['4 06', '29:05', '1', 'Starting', 'Service...']"
192,host1,192.168.0.1,daemon,2021-03-03T06:29:05,Mar  4 06:29:05 mail auditd[22161]: Started dispatcher: /sbin/audispd pid: 22164,681ae4d7,Mar <*> <*>:<*>:<*> mail auditd[<*>]: Started dispatcher: /<*> pid: <*>,"['4 06', '29:05', '22161', 'sbin/audispd', '22164']"
193,host1,192.168.0.1,daemon,2021-03-03T06:29:05,"Mar  4 06:29:05 mail auditd[22161]: Init complete, auditd 2.6.7 listening for events (startup state enable)",609e13cb,"Mar <*> <*>:<*>:<*> mail auditd[<*>]: Init complete, auditd <*>.<*>.<*> listening for events (startup state enable)","['4 06', '29:05', '22161', '2', '6.7']"
194,host1,192.168.0.1,daemon,2021-03-03T06:29:05,Mar  4 06:29:05 mail auditd[22161]: dispatch err (pipe full) event lost,89a7a54c,Mar <*> <*>:<*>:<*> mail auditd[<*>]: dispatch err (pipe full) event lost,"['4 06', '29:05', '22161']"
195,host1,192.168.0.1,daemon,2021-03-03T06:29:05,Mar  4 06:29:05 mail auditd[22161]: dispatch err (pipe full) event lost,89a7a54c,Mar <*> <*>:<*>:<*> mail auditd[<*>]: dispatch err (pipe full) event lost,"['4 06', '29:05', '22161']"
196,host1,192.168.0.1,daemon,2021-03-03T06:29:05,Mar  4 06:29:05 mail auditd[22161]: dispatch err (pipe full) event lost,89a7a54c,Mar <*> <*>:<*>:<*> mail auditd[<*>]: dispatch err (pipe full) event lost,"['4 06', '29:05', '22161']"
197,host1,192.168.0.1,daemon,2021-03-03T06:29:05,Mar  4 06:29:05 mail auditd[22161]: dispatch err (pipe full) event lost,89a7a54c,Mar <*> <*>:<*>:<*> mail auditd[<*>]: dispatch err (pipe full) event lost,"['4 06', '29:05', '22161']"
198,host1,192.168.0.1,daemon,2021-03-03T06:29:05,Mar  4 06:29:05 mail augenrules[22162]: /sbin/augenrules: No change,44ded197,Mar <*> <*>:<*>:<*> mail augenrules[<*>]: /<*>: No change,"['4 06', '29:05', '22162', 'sbin/augenrules']"
199,host1,192.168.0.1,daemon,2021-03-03T06:29:05,Mar  4 06:29:05 mail auditd[22161]: dispatch err (pipe full) event lost,89a7a54c,Mar <*> <*>:<*>:<*> mail auditd[<*>]: dispatch err (pipe full) event lost,"['4 06', '29:05', '22161']"
200,host1,192.168.0.1,daemon,2021-03-03T06:29:05,Mar  4 06:29:05 mail augenrules[22162]: No rules,17f865ff,Mar <*> <*>:<*>:<*> mail augenrules[<*>]: <*> <*>,"['4 06', '29:05', '22162', 'No rules']"
201,host1,192.168.0.1,daemon,2021-03-03T06:29:05,Mar  4 06:29:05 mail augenrules[22162]: enabled 1,17f865ff,Mar <*> <*>:<*>:<*> mail augenrules[<*>]: <*> <*>,"['4 06', '29:05', '22162', 'enabled 1']"
202,host1,192.168.0.1,daemon,2021-03-03T06:29:05,Mar  4 06:29:05 mail augenrules[22162]: failure 1,17f865ff,Mar <*> <*>:<*>:<*> mail augenrules[<*>]: <*> <*>,"['4 06', '29:05', '22162', 'failure 1']"
203,host1,192.168.0.1,daemon,2021-03-03T06:29:05,Mar  4 06:29:05 mail augenrules[22162]: pid 22161,17f865ff,Mar <*> <*>:<*>:<*> mail augenrules[<*>]: <*> <*>,"['4 06', '29:05', '22162', 'pid 22161']"
204,host1,192.168.0.1,daemon,2021-03-03T06:29:05,Mar  4 06:29:05 mail augenrules[22162]: rate_limit 0,17f865ff,Mar <*> <*>:<*>:<*> mail augenrules[<*>]: <*> <*>,"['4 06', '29:05', '22162', 'rate_limit 0']"
205,host1,192.168.0.1,daemon,2021-03-03T06:29:05,Mar  4 06:29:05 mail augenrules[22162]: backlog_limit 81920,17f865ff,Mar <*> <*>:<*>:<*> mail augenrules[<*>]: <*> <*>,"['4 06', '29:05', '22162', 'backlog_limit 81920']"
206,host1,192.168.0.1,daemon,2021-03-03T06:29:05,Mar  4 06:29:05 mail augenrules[22162]: lost 1723,17f865ff,Mar <*> <*>:<*>:<*> mail augenrules[<*>]: <*> <*>,"['4 06', '29:05', '22162', 'lost 1723']"
207,host1,192.168.0.1,daemon,2021-03-03T06:29:05,Mar  4 06:29:05 mail augenrules[22162]: backlog 1,17f865ff,Mar <*> <*>:<*>:<*> mail augenrules[<*>]: <*> <*>,"['4 06', '29:05', '22162', 'backlog 1']"
208,host1,192.168.0.1,daemon,2021-03-03T06:29:05,Mar  4 06:29:05 mail augenrules[22162]: backlog_wait_time 0,17f865ff,Mar <*> <*>:<*>:<*> mail augenrules[<*>]: <*> <*>,"['4 06', '29:05', '22162', 'backlog_wait_time 0']"
209,host1,192.168.0.1,daemon,2021-03-03T06:29:05,Mar  4 06:29:05 mail augenrules[22162]: enabled 1,17f865ff,Mar <*> <*>:<*>:<*> mail augenrules[<*>]: <*> <*>,"['4 06', '29:05', '22162', 'enabled 1']"
210,host1,192.168.0.1,daemon,2021-03-03T06:29:05,Mar  4 06:29:05 mail augenrules[22162]: failure 1,17f865ff,Mar <*> <*>:<*>:<*> mail augenrules[<*>]: <*> <*>,"['4 06', '29:05', '22162', 'failure 1']"
211,host1,192.168.0.1,daemon,2021-03-03T06:29:05,Mar  4 06:29:05 mail augenrules[22162]: pid 22161,17f865ff,Mar <*> <*>:<*>:<*> mail augenrules[<*>]: <*> <*>,"['4 06', '29:05', '22162', 'pid 22161']"
212,host1,192.168.0.1,daemon,2021-03-03T06:29:05,Mar  4 06:29:05 mail augenrules[22162]: rate_limit 0,17f865ff,Mar <*> <*>:<*>:<*> mail augenrules[<*>]: <*> <*>,"['4 06', '29:05', '22162', 'rate_limit 0']"
213,host1,192.168.0.1,daemon,2021-03-03T06:29:05,Mar  4 06:29:05 mail augenrules[22162]: backlog_limit 81920,17f865ff,Mar <*> <*>:<*>:<*> mail augenrules[<*>]: <*> <*>,"['4 06', '29:05', '22162', 'backlog_limit 81920']"
214,host1,192.168.0.1,daemon,2021-03-03T06:29:05,Mar  4 06:29:05 mail augenrules[22162]: lost 1723,17f865ff,Mar <*> <*>:<*>:<*> mail augenrules[<*>]: <*> <*>,"['4 06', '29:05', '22162', 'lost 1723']"
215,host1,192.168.0.1,daemon,2021-03-03T06:29:05,Mar  4 06:29:05 mail augenrules[22162]: backlog 1,17f865ff,Mar <*> <*>:<*>:<*> mail augenrules[<*>]: <*> <*>,"['4 06', '29:05', '22162', 'backlog 1']"
216,host1,192.168.0.1,daemon,2021-03-03T06:29:05,Mar  4 06:29:05 mail augenrules[22162]: backlog_wait_time 0,17f865ff,Mar <*> <*>:<*>:<*> mail augenrules[<*>]: <*> <*>,"['4 06', '29:05', '22162', 'backlog_wait_time 0']"
217,host1,192.168.0.1,daemon,2021-03-03T06:29:05,Mar  4 06:29:05 mail systemd[1]: Started Security Auditing Service.,76f9ac58,Mar <*> <*>:<*>:<*> mail systemd[<*>]: <*> Security Auditing <*>,"['4 06', '29:05', '1', 'Started', 'Service.']"
218,host1,192.168.0.1,daemon,2021-03-03T06:29:05,Mar  4 06:29:05 mail auditd[22161]: dispatch err (pipe full) event lost,89a7a54c,Mar <*> <*>:<*>:<*> mail auditd[<*>]: dispatch err (pipe full) event lost,"['4 06', '29:05', '22161']"
219,host1,192.168.0.1,daemon,2021-03-03T06:29:05,Mar  4 06:29:05 mail auditd[22161]: dispatch err (pipe full) event lost,89a7a54c,Mar <*> <*>:<*>:<*> mail auditd[<*>]: dispatch err (pipe full) event lost,"['4 06', '29:05', '22161']"
220,host1,192.168.0.1,daemon,2021-03-03T06:29:05,Mar  4 06:29:05 mail auditd[22161]: dispatch err (pipe full) event lost,89a7a54c,Mar <*> <*>:<*>:<*> mail auditd[<*>]: dispatch err (pipe full) event lost,"['4 06', '29:05', '22161']"
221,host1,192.168.0.1,daemon,2021-03-03T06:29:05,Mar  4 06:29:05 mail auditd[22161]: dispatch err (pipe full) event lost,89a7a54c,Mar <*> <*>:<*>:<*> mail auditd[<*>]: dispatch err (pipe full) event lost,"['4 06', '29:05', '22161']"
222,host1,192.168.0.1,daemon,2021-03-03T06:29:05,Mar  4 06:29:05 mail auditd[22161]: dispatch err (pipe full) event lost,89a7a54c,Mar <*> <*>:<*>:<*> mail auditd[<*>]: dispatch err (pipe full) event lost,"['4 06', '29:05', '22161']"
223,host1,192.168.0.1,daemon,2021-03-03T06:29:05,Mar  4 06:29:05 mail auditd[22161]: dispatch error reporting limit reached - ending report notification.,0f1468bf,Mar <*> <*>:<*>:<*> mail auditd[<*>]: dispatch error reporting limit reached - ending report notification.,"['4 06', '29:05', '22161']"
224,host1,192.168.0.1,daemon,2021-03-03T06:34:18,Mar  4 06:34:18 mail systemd[1]: Starting Daily apt upgrade and clean activities...,f1e859c8,Mar <*> <*>:<*>:<*> mail systemd[<*>]: <*> Daily apt upgrade and clean <*>,"['4 06', '34:18', '1', 'Starting', 'activities...']"
225,host1,192.168.0.1,daemon,2021-03-03T06:34:19,Mar  4 06:34:19 mail systemd[1]: Started Daily apt upgrade and clean activities.,f1e859c8,Mar <*> <*>:<*>:<*> mail systemd[<*>]: <*> Daily apt upgrade and clean <*>,"['4 06', '34:19', '1', 'Started', 'activities.']"
226,host1,192.168.0.1,daemon,2021-03-03T06:34:19,Mar  4 06:34:19 mail systemd[1]: apt-daily-upgrade.timer: Adding 53min 40.186408s random time.,9563f306,Mar <*> <*>:<*>:<*> mail systemd[<*>]: apt-daily-upgrade.timer: Adding <*> <*> random time.,"['4 06', '34:19', '1', '53min 40.186408s']"
227,host1,192.168.0.1,daemon,2021-03-03T06:34:19,Mar  4 06:34:19 mail systemd[1]: apt-daily-upgrade.timer: Adding 42min 2.160203s random time.,9563f306,Mar <*> <*>:<*>:<*> mail systemd[<*>]: apt-daily-upgrade.timer: Adding <*> <*> random time.,"['4 06', '34:19', '1', '42min 2.160203s']"
228,host1,192.168.0.1,daemon,2021-03-03T06:39:48,Mar  4 06:39:48 mail systemd[1]: Starting Clean php session files...,e2f489f9,Mar <*> <*>:<*>:<*> mail systemd[<*>]: <*> Clean php session <*>,"['4 06', '39:48', '1', 'Starting', 'files...']"
229,host1,192.168.0.1,daemon,2021-03-03T06:39:48,Mar  4 06:39:48 mail systemd[1]: Started Clean php session files.,e2f489f9,Mar <*> <*>:<*>:<*> mail systemd[<*>]: <*> Clean php session <*>,"['4 06', '39:48', '1', 'Started', 'files.']"
230,host1,192.168.0.1,daemon,2021-03-03T07:09:19,Mar  4 07:09:19 mail systemd[1]: Starting Clean php session files...,e2f489f9,Mar <*> <*>:<*>:<*> mail systemd[<*>]: <*> Clean php session <*>,"['4 07', '09:19', '1', 'Starting', 'files...']"
231,host1,192.168.0.1,daemon,2021-03-03T07:09:19,Mar  4 07:09:19 mail systemd[1]: Started Clean php session files.,e2f489f9,Mar <*> <*>:<*>:<*> mail systemd[<*>]: <*> Clean php session <*>,"['4 07', '09:19', '1', 'Started', 'files.']"
232,host1,192.168.0.1,daemon,2021-03-03T07:39:18,Mar  4 07:39:18 mail systemd[1]: Starting Clean php session files...,e2f489f9,Mar <*> <*>:<*>:<*> mail systemd[<*>]: <*> Clean php session <*>,"['4 07', '39:18', '1', 'Starting', 'files...']"
233,host1,192.168.0.1,daemon,2021-03-03T07:39:19,Mar  4 07:39:19 mail systemd[1]: Started Clean php session files.,e2f489f9,Mar <*> <*>:<*>:<*> mail systemd[<*>]: <*> Clean php session <*>,"['4 07', '39:19', '1', 'Started', 'files.']"
234,host1,192.168.0.1,daemon,2021-03-03T08:09:18,Mar  4 08:09:18 mail systemd[1]: Starting Clean php session files...,e2f489f9,Mar <*> <*>:<*>:<*> mail systemd[<*>]: <*> Clean php session <*>,"['4 08', '09:18', '1', 'Starting', 'files...']"
235,host1,192.168.0.1,daemon,2021-03-03T08:09:19,Mar  4 08:09:19 mail systemd[1]: Started Clean php session files.,e2f489f9,Mar <*> <*>:<*>:<*> mail systemd[<*>]: <*> Clean php session <*>,"['4 08', '09:19', '1', 'Started', 'files.']"
236,host1,192.168.0.1,daemon,2021-03-03T08:39:19,Mar  4 08:39:19 mail systemd[1]: Starting Clean php session files...,e2f489f9,Mar <*> <*>:<*>:<*> mail systemd[<*>]: <*> Clean php session <*>,"['4 08', '39:19', '1', 'Starting', 'files...']"
237,host1,192.168.0.1,daemon,2021-03-03T08:39:19,Mar  4 08:39:19 mail systemd[1]: Started Clean php session files.,e2f489f9,Mar <*> <*>:<*>:<*> mail systemd[<*>]: <*> Clean php session <*>,"['4 08', '39:19', '1', 'Started', 'files.']"
238,host1,192.168.0.1,daemon,2021-03-03T09:09:19,Mar  4 09:09:19 mail systemd[1]: Starting Clean php session files...,e2f489f9,Mar <*> <*>:<*>:<*> mail systemd[<*>]: <*> Clean php session <*>,"['4 09', '09:19', '1', 'Starting', 'files...']"
239,host1,192.168.0.1,daemon,2021-03-03T09:09:19,Mar  4 09:09:19 mail systemd[1]: Started Clean php session files.,e2f489f9,Mar <*> <*>:<*>:<*> mail systemd[<*>]: <*> Clean php session <*>,"['4 09', '09:19', '1', 'Started', 'files.']"
240,host1,192.168.0.1,daemon,2021-03-03T09:39:18,Mar  4 09:39:18 mail systemd[1]: Starting Clean php session files...,e2f489f9,Mar <*> <*>:<*>:<*> mail systemd[<*>]: <*> Clean php session <*>,"['4 09', '39:18', '1', 'Starting', 'files...']"
241,host1,192.168.0.1,daemon,2021-03-03T09:39:19,Mar  4 09:39:19 mail systemd[1]: Started Clean php session files.,e2f489f9,Mar <*> <*>:<*>:<*> mail systemd[<*>]: <*> Clean php session <*>,"['4 09', '39:19', '1', 'Started', 'files.']"
242,host1,192.168.0.1,daemon,2021-03-03T10:02:42,Mar  4 10:02:42 mail systemd[1]: Starting Daily apt download activities...,d8914b98,Mar <*> <*>:<*>:<*> mail systemd[<*>]: <*> Daily apt download <*>,"['4 10', '02:42', '1', 'Starting', 'activities...']"
243,host1,192.168.0.1,daemon,2021-03-03T10:02:43,Mar  4 10:02:43 mail systemd[1]: Started Daily apt download activities.,d8914b98,Mar <*> <*>:<*>:<*> mail systemd[<*>]: <*> Daily apt download <*>,"['4 10', '02:43', '1', 'Started', 'activities.']"
244,host1,192.168.0.1,daemon,2021-03-03T10:02:43,Mar  4 10:02:43 mail systemd[1]: apt-daily.timer: Adding 1h 24min 53.414906s random time.,52df2902,Mar <*> <*>:<*>:<*> mail systemd[<*>]: apt-daily.timer: Adding <*> <*> <*> random time.,"['4 10', '02:43', '1', '1h', '24min 53.414906s']"
245,host1,192.168.0.1,daemon,2021-03-03T10:02:43,Mar  4 10:02:43 mail systemd[1]: apt-daily.timer: Adding 11h 21min 3.574987s random time.,52df2902,Mar <*> <*>:<*>:<*> mail systemd[<*>]: apt-daily.timer: Adding <*> <*> <*> random time.,"['4 10', '02:43', '1', '11h', '21min 3.574987s']"
246,host1,192.168.0.1,daemon,2021-03-03T10:09:48,Mar  4 10:09:48 mail systemd[1]: Starting Clean php session files...,e2f489f9,Mar <*> <*>:<*>:<*> mail systemd[<*>]: <*> Clean php session <*>,"['4 10', '09:48', '1', 'Starting', 'files...']"
247,host1,192.168.0.1,daemon,2021-03-03T10:09:48,Mar  4 10:09:48 mail systemd[1]: Started Clean php session files.,e2f489f9,Mar <*> <*>:<*>:<*> mail systemd[<*>]: <*> Clean php session <*>,"['4 10', '09:48', '1', 'Started', 'files.']"
248,host1,192.168.0.1,daemon,2021-03-03T10:39:18,Mar  4 10:39:18 mail systemd[1]: Starting Clean php session files...,e2f489f9,Mar <*> <*>:<*>:<*> mail systemd[<*>]: <*> Clean php session <*>,"['4 10', '39:18', '1', 'Starting', 'files...']"
249,host1,192.168.0.1,daemon,2021-03-03T10:39:19,Mar  4 10:39:19 mail systemd[1]: Started Clean php session files.,e2f489f9,Mar <*> <*>:<*>:<*> mail systemd[<*>]: <*> Clean php session <*>,"['4 10', '39:19', '1', 'Started', 'files.']"
250,host1,192.168.0.1,daemon,2021-03-03T11:09:18,Mar  4 11:09:18 mail systemd[1]: Starting Clean php session files...,e2f489f9,Mar <*> <*>:<*>:<*> mail systemd[<*>]: <*> Clean php session <*>,"['4 11', '09:18', '1', 'Starting', 'files...']"
251,host1,192.168.0.1,daemon,2021-03-03T11:09:19,Mar  4 11:09:19 mail systemd[1]: Started Clean php session files.,e2f489f9,Mar <*> <*>:<*>:<*> mail systemd[<*>]: <*> Clean php session <*>,"['4 11', '09:19', '1', 'Started', 'files.']"
252,host1,192.168.0.1,daemon,2021-03-03T11:39:18,Mar  4 11:39:18 mail systemd[1]: Starting Clean php session files...,e2f489f9,Mar <*> <*>:<*>:<*> mail systemd[<*>]: <*> Clean php session <*>,"['4 11', '39:18', '1', 'Starting', 'files...']"
253,host1,192.168.0.1,daemon,2021-03-03T11:39:19,Mar  4 11:39:19 mail systemd[1]: Started Clean php session files.,e2f489f9,Mar <*> <*>:<*>:<*> mail systemd[<*>]: <*> Clean php session <*>,"['4 11', '39:19', '1', 'Started', 'files.']"
254,host1,192.168.0.1,daemon,2021-03-03T12:09:18,Mar  4 12:09:18 mail systemd[1]: Starting Clean php session files...,e2f489f9,Mar <*> <*>:<*>:<*> mail systemd[<*>]: <*> Clean php session <*>,"['4 12', '09:18', '1', 'Starting', 'files...']"
255,host1,192.168.0.1,daemon,2021-03-03T12:09:19,Mar  4 12:09:19 mail systemd[1]: Started Clean php session files.,e2f489f9,Mar <*> <*>:<*>:<*> mail systemd[<*>]: <*> Clean php session <*>,"['4 12', '09:19', '1', 'Started', 'files.']"
256,host1,192.168.0.1,daemon,2021-03-03T12:39:19,Mar  4 12:39:19 mail systemd[1]: Starting Clean php session files...,e2f489f9,Mar <*> <*>:<*>:<*> mail systemd[<*>]: <*> Clean php session <*>,"['4 12', '39:19', '1', 'Starting', 'files...']"
257,host1,192.168.0.1,daemon,2021-03-03T12:39:19,Mar  4 12:39:19 mail systemd[1]: Started Clean php session files.,e2f489f9,Mar <*> <*>:<*>:<*> mail systemd[<*>]: <*> Clean php session <*>,"['4 12', '39:19', '1', 'Started', 'files.']"
258,host1,192.168.0.1,daemon,2021-03-03T13:09:04,Mar  4 13:09:04 mail systemd[1]: Starting Clean php session files...,e2f489f9,Mar <*> <*>:<*>:<*> mail systemd[<*>]: <*> Clean php session <*>,"['4 13', '09:04', '1', 'Starting', 'files...']"
259,host1,192.168.0.1,daemon,2021-03-03T13:09:04,Mar  4 13:09:04 mail systemd[1]: Started Clean php session files.,e2f489f9,Mar <*> <*>:<*>:<*> mail systemd[<*>]: <*> Clean php session <*>,"['4 13', '09:04', '1', 'Started', 'files.']"
260,host1,192.168.0.1,daemon,2021-03-03T13:39:19,Mar  4 13:39:19 mail systemd[1]: Starting Clean php session files...,e2f489f9,Mar <*> <*>:<*>:<*> mail systemd[<*>]: <*> Clean php session <*>,"['4 13', '39:19', '1', 'Starting', 'files...']"
261,host1,192.168.0.1,daemon,2021-03-03T13:39:19,Mar  4 13:39:19 mail systemd[1]: Started Clean php session files.,e2f489f9,Mar <*> <*>:<*>:<*> mail systemd[<*>]: <*> Clean php session <*>,"['4 13', '39:19', '1', 'Started', 'files.']"
262,host1,192.168.0.1,daemon,2021-03-03T14:09:19,Mar  4 14:09:19 mail systemd[1]: Starting Clean php session files...,e2f489f9,Mar <*> <*>:<*>:<*> mail systemd[<*>]: <*> Clean php session <*>,"['4 14', '09:19', '1', 'Starting', 'files...']"
263,host1,192.168.0.1,daemon,2021-03-03T14:09:19,Mar  4 14:09:19 mail systemd[1]: Started Clean php session files.,e2f489f9,Mar <*> <*>:<*>:<*> mail systemd[<*>]: <*> Clean php session <*>,"['4 14', '09:19', '1', 'Started', 'files.']"
264,host1,192.168.0.1,daemon,2021-03-03T14:10:15,Mar  4 14:10:15 mail dhclient[375]: DHCPREQUEST of 192.168.10.154 on eth0 to 192.168.10.2 port 67,208e2c19,Mar <*> <*>:<*>:<*> mail dhclient[<*>]: DHCPREQUEST of <*> on eth0 to <*> port <*>,"['4 14', '10:15', '375', '192.168.10.154', '192.168.10.2', '67']"
265,host1,192.168.0.1,daemon,2021-03-03T14:10:15,Mar  4 14:10:15 mail dhclient[375]: DHCPACK of 192.168.10.154 from 192.168.10.2,e8c5e314,Mar <*> <*>:<*>:<*> mail dhclient[<*>]: DHCPACK of <*> from <*>,"['4 14', '10:15', '375', '192.168.10.154', '192.168.10.2']"
266,host1,192.168.0.1,daemon,2021-03-03T14:10:15,Mar  4 14:10:15 mail dhclient[375]: bound to 192.168.10.154 -- renewal in 36132 seconds.,54fd87b3,Mar <*> <*>:<*>:<*> mail dhclient[<*>]: bound to <*> -- renewal in <*> seconds.,"['4 14', '10:15', '375', '192.168.10.154', '36132']"
267,host1,192.168.0.1,daemon,2021-03-03T14:25:19,Mar  4 14:25:19 mail dhclient[406]: DHCPREQUEST of 192.168.10.154 on eth0 to 192.168.10.2 port 67,208e2c19,Mar <*> <*>:<*>:<*> mail dhclient[<*>]: DHCPREQUEST of <*> on eth0 to <*> port <*>,"['4 14', '25:19', '406', '192.168.10.154', '192.168.10.2', '67']"
268,host1,192.168.0.1,daemon,2021-03-03T14:25:19,Mar  4 14:25:19 mail dhclient[406]: DHCPACK of 192.168.10.154 from 192.168.10.2,e8c5e314,Mar <*> <*>:<*>:<*> mail dhclient[<*>]: DHCPACK of <*> from <*>,"['4 14', '25:19', '406', '192.168.10.154', '192.168.10.2']"
269,host1,192.168.0.1,daemon,2021-03-03T14:25:19,Mar  4 14:25:19 mail dhclient[406]: bound to 192.168.10.154 -- renewal in 38936 seconds.,54fd87b3,Mar <*> <*>:<*>:<*> mail dhclient[<*>]: bound to <*> -- renewal in <*> seconds.,"['4 14', '25:19', '406', '192.168.10.154', '38936']"
270,host1,192.168.0.1,daemon,2021-03-03T14:39:19,Mar  4 14:39:19 mail systemd[1]: Starting Clean php session files...,e2f489f9,Mar <*> <*>:<*>:<*> mail systemd[<*>]: <*> Clean php session <*>,"['4 14', '39:19', '1', 'Starting', 'files...']"
271,host1,192.168.0.1,daemon,2021-03-03T14:39:19,Mar  4 14:39:19 mail systemd[1]: Started Clean php session files.,e2f489f9,Mar <*> <*>:<*>:<*> mail systemd[<*>]: <*> Clean php session <*>,"['4 14', '39:19', '1', 'Started', 'files.']"
272,host1,192.168.0.1,daemon,2021-03-03T15:09:18,Mar  4 15:09:18 mail systemd[1]: Starting Clean php session files...,e2f489f9,Mar <*> <*>:<*>:<*> mail systemd[<*>]: <*> Clean php session <*>,"['4 15', '09:18', '1', 'Starting', 'files...']"
273,host1,192.168.0.1,daemon,2021-03-03T15:09:19,Mar  4 15:09:19 mail systemd[1]: Started Clean php session files.,e2f489f9,Mar <*> <*>:<*>:<*> mail systemd[<*>]: <*> Clean php session <*>,"['4 15', '09:19', '1', 'Started', 'files.']"
274,host1,192.168.0.1,daemon,2021-03-03T15:39:18,Mar  4 15:39:18 mail systemd[1]: Starting Clean php session files...,e2f489f9,Mar <*> <*>:<*>:<*> mail systemd[<*>]: <*> Clean php session <*>,"['4 15', '39:18', '1', 'Starting', 'files...']"
275,host1,192.168.0.1,daemon,2021-03-03T15:39:19,Mar  4 15:39:19 mail systemd[1]: Started Clean php session files.,e2f489f9,Mar <*> <*>:<*>:<*> mail systemd[<*>]: <*> Clean php session <*>,"['4 15', '39:19', '1', 'Started', 'files.']"
276,host1,192.168.0.1,daemon,2021-03-03T16:09:19,Mar  4 16:09:19 mail systemd[1]: Starting Clean php session files...,e2f489f9,Mar <*> <*>:<*>:<*> mail systemd[<*>]: <*> Clean php session <*>,"['4 16', '09:19', '1', 'Starting', 'files...']"
277,host1,192.168.0.1,daemon,2021-03-03T16:09:19,Mar  4 16:09:19 mail systemd[1]: Started Clean php session files.,e2f489f9,Mar <*> <*>:<*>:<*> mail systemd[<*>]: <*> Clean php session <*>,"['4 16', '09:19', '1', 'Started', 'files.']"
278,host1,192.168.0.1,daemon,2021-03-03T16:39:19,Mar  4 16:39:19 mail systemd[1]: Starting Clean php session files...,e2f489f9,Mar <*> <*>:<*>:<*> mail systemd[<*>]: <*> Clean php session <*>,"['4 16', '39:19', '1', 'Starting', 'files...']"
279,host1,192.168.0.1,daemon,2021-03-03T16:39:19,Mar  4 16:39:19 mail systemd[1]: Started Clean php session files.,e2f489f9,Mar <*> <*>:<*>:<*> mail systemd[<*>]: <*> Clean php session <*>,"['4 16', '39:19', '1', 'Started', 'files.']"
280,host1,192.168.0.1,daemon,2021-03-03T17:09:18,Mar  4 17:09:18 mail systemd[1]: Starting Clean php session files...,e2f489f9,Mar <*> <*>:<*>:<*> mail systemd[<*>]: <*> Clean php session <*>,"['4 17', '09:18', '1', 'Starting', 'files...']"
281,host1,192.168.0.1,daemon,2021-03-03T17:09:19,Mar  4 17:09:19 mail systemd[1]: Started Clean php session files.,e2f489f9,Mar <*> <*>:<*>:<*> mail systemd[<*>]: <*> Clean php session <*>,"['4 17', '09:19', '1', 'Started', 'files.']"
282,host1,192.168.0.1,daemon,2021-03-03T17:39:18,Mar  4 17:39:18 mail systemd[1]: Starting Clean php session files...,e2f489f9,Mar <*> <*>:<*>:<*> mail systemd[<*>]: <*> Clean php session <*>,"['4 17', '39:18', '1', 'Starting', 'files...']"
283,host1,192.168.0.1,daemon,2021-03-03T17:39:19,Mar  4 17:39:19 mail systemd[1]: Started Clean php session files.,e2f489f9,Mar <*> <*>:<*>:<*> mail systemd[<*>]: <*> Clean php session <*>,"['4 17', '39:19', '1', 'Started', 'files.']"
284,host1,192.168.0.1,daemon,2021-03-03T18:09:18,Mar  4 18:09:18 mail systemd[1]: Starting Clean php session files...,e2f489f9,Mar <*> <*>:<*>:<*> mail systemd[<*>]: <*> Clean php session <*>,"['4 18', '09:18', '1', 'Starting', 'files...']"
285,host1,192.168.0.1,daemon,2021-03-03T18:09:19,Mar  4 18:09:19 mail systemd[1]: Started Clean php session files.,e2f489f9,Mar <*> <*>:<*>:<*> mail systemd[<*>]: <*> Clean php session <*>,"['4 18', '09:19', '1', 'Started', 'files.']"
286,host1,192.168.0.1,daemon,2021-03-03T18:28:18,Mar  4 18:28:18 mail systemd[1]: Starting Cleanup of Temporary Directories...,1c40a5a5,Mar <*> <*>:<*>:<*> mail systemd[<*>]: <*> Cleanup of Temporary <*>,"['4 18', '28:18', '1', 'Starting', 'Directories...']"
287,host1,192.168.0.1,daemon,2021-03-03T18:28:18,Mar  4 18:28:18 mail systemd[1]: Started Cleanup of Temporary Directories.,1c40a5a5,Mar <*> <*>:<*>:<*> mail systemd[<*>]: <*> Cleanup of Temporary <*>,"['4 18', '28:18', '1', 'Started', 'Directories.']"
288,host1,192.168.0.1,daemon,2021-03-03T18:39:50,Mar  4 18:39:50 mail systemd[1]: Starting Clean php session files...,e2f489f9,Mar <*> <*>:<*>:<*> mail systemd[<*>]: <*> Clean php session <*>,"['4 18', '39:50', '1', 'Starting', 'files...']"
289,host1,192.168.0.1,daemon,2021-03-03T18:39:50,Mar  4 18:39:50 mail systemd[1]: Started Clean php session files.,e2f489f9,Mar <*> <*>:<*>:<*> mail systemd[<*>]: <*> Clean php session <*>,"['4 18', '39:50', '1', 'Started', 'files.']"
290,host1,192.168.0.1,daemon,2021-03-03T19:09:50,Mar  4 19:09:50 mail systemd[1]: Starting Clean php session files...,e2f489f9,Mar <*> <*>:<*>:<*> mail systemd[<*>]: <*> Clean php session <*>,"['4 19', '09:50', '1', 'Starting', 'files...']"
291,host1,192.168.0.1,daemon,2021-03-03T19:09:51,Mar  4 19:09:51 mail systemd[1]: Started Clean php session files.,e2f489f9,Mar <*> <*>:<*>:<*> mail systemd[<*>]: <*> Clean php session <*>,"['4 19', '09:51', '1', 'Started', 'files.']"
292,host1,192.168.0.1,daemon,2021-03-03T19:39:01,Mar  4 19:39:01 mail systemd[1]: Starting Clean php session files...,e2f489f9,Mar <*> <*>:<*>:<*> mail systemd[<*>]: <*> Clean php session <*>,"['4 19', '39:01', '1', 'Starting', 'files...']"
293,host1,192.168.0.1,daemon,2021-03-03T19:39:01,Mar  4 19:39:01 mail systemd[1]: Started Clean php session files.,e2f489f9,Mar <*> <*>:<*>:<*> mail systemd[<*>]: <*> Clean php session <*>,"['4 19', '39:01', '1', 'Started', 'files.']"
294,host1,192.168.0.1,daemon,2021-03-03T20:09:48,Mar  4 20:09:48 mail systemd[1]: Starting Clean php session files...,e2f489f9,Mar <*> <*>:<*>:<*> mail systemd[<*>]: <*> Clean php session <*>,"['4 20', '09:48', '1', 'Starting', 'files...']"
295,host1,192.168.0.1,daemon,2021-03-03T20:09:48,Mar  4 20:09:48 mail systemd[1]: Started Clean php session files.,e2f489f9,Mar <*> <*>:<*>:<*> mail systemd[<*>]: <*> Clean php session <*>,"['4 20', '09:48', '1', 'Started', 'files.']"
296,host1,192.168.0.1,daemon,2021-03-03T20:39:18,Mar  4 20:39:18 mail systemd[1]: Starting Clean php session files...,e2f489f9,Mar <*> <*>:<*>:<*> mail systemd[<*>]: <*> Clean php session <*>,"['4 20', '39:18', '1', 'Starting', 'files...']"
297,host1,192.168.0.1,daemon,2021-03-03T20:39:19,Mar  4 20:39:19 mail systemd[1]: Started Clean php session files.,e2f489f9,Mar <*> <*>:<*>:<*> mail systemd[<*>]: <*> Clean php session <*>,"['4 20', '39:19', '1', 'Started', 'files.']"
298,host1,192.168.0.1,daemon,2021-03-03T21:09:18,Mar  4 21:09:18 mail systemd[1]: Starting Clean php session files...,e2f489f9,Mar <*> <*>:<*>:<*> mail systemd[<*>]: <*> Clean php session <*>,"['4 21', '09:18', '1', 'Starting', 'files...']"
299,host1,192.168.0.1,daemon,2021-03-03T21:09:19,Mar  4 21:09:19 mail systemd[1]: Started Clean php session files.,e2f489f9,Mar <*> <*>:<*>:<*> mail systemd[<*>]: <*> Clean php session <*>,"['4 21', '09:19', '1', 'Started', 'files.']"
300,host1,192.168.0.1,daemon,2021-03-03T21:39:18,Mar  4 21:39:18 mail systemd[1]: Starting Clean php session files...,e2f489f9,Mar <*> <*>:<*>:<*> mail systemd[<*>]: <*> Clean php session <*>,"['4 21', '39:18', '1', 'Starting', 'files...']"
301,host1,192.168.0.1,daemon,2021-03-03T21:39:19,Mar  4 21:39:19 mail systemd[1]: Started Clean php session files.,e2f489f9,Mar <*> <*>:<*>:<*> mail systemd[<*>]: <*> Clean php session <*>,"['4 21', '39:19', '1', 'Started', 'files.']"
302,host1,192.168.0.1,daemon,2021-03-03T22:09:18,Mar  4 22:09:18 mail systemd[1]: Starting Clean php session files...,e2f489f9,Mar <*> <*>:<*>:<*> mail systemd[<*>]: <*> Clean php session <*>,"['4 22', '09:18', '1', 'Starting', 'files...']"
303,host1,192.168.0.1,daemon,2021-03-03T22:09:19,Mar  4 22:09:19 mail systemd[1]: Started Clean php session files.,e2f489f9,Mar <*> <*>:<*>:<*> mail systemd[<*>]: <*> Clean php session <*>,"['4 22', '09:19', '1', 'Started', 'files.']"
304,host1,192.168.0.1,daemon,2021-03-03T22:39:19,Mar  4 22:39:19 mail systemd[1]: Starting Clean php session files...,e2f489f9,Mar <*> <*>:<*>:<*> mail systemd[<*>]: <*> Clean php session <*>,"['4 22', '39:19', '1', 'Starting', 'files...']"
305,host1,192.168.0.1,daemon,2021-03-03T22:39:19,Mar  4 22:39:19 mail systemd[1]: Started Clean php session files.,e2f489f9,Mar <*> <*>:<*>:<*> mail systemd[<*>]: <*> Clean php session <*>,"['4 22', '39:19', '1', 'Started', 'files.']"
306,host1,192.168.0.1,daemon,2021-03-03T23:09:18,Mar  4 23:09:18 mail systemd[1]: Starting Clean php session files...,e2f489f9,Mar <*> <*>:<*>:<*> mail systemd[<*>]: <*> Clean php session <*>,"['4 23', '09:18', '1', 'Starting', 'files...']"
307,host1,192.168.0.1,daemon,2021-03-03T23:09:19,Mar  4 23:09:19 mail systemd[1]: Started Clean php session files.,e2f489f9,Mar <*> <*>:<*>:<*> mail systemd[<*>]: <*> Clean php session <*>,"['4 23', '09:19', '1', 'Started', 'files.']"
308,host1,192.168.0.1,daemon,2021-03-03T23:39:19,Mar  4 23:39:19 mail systemd[1]: Starting Clean php session files...,e2f489f9,Mar <*> <*>:<*>:<*> mail systemd[<*>]: <*> Clean php session <*>,"['4 23', '39:19', '1', 'Starting', 'files...']"
309,host1,192.168.0.1,daemon,2021-03-03T23:39:19,Mar  4 23:39:19 mail systemd[1]: Started Clean php session files.,e2f489f9,Mar <*> <*>:<*>:<*> mail systemd[<*>]: <*> Clean php session <*>,"['4 23', '39:19', '1', 'Started', 'files.']"
