LineId,Device,IP,DateTime,TimeZone,Content,EventId,EventTemplate,ParameterList
1,Server,61.219.11.153,14/Mar/2020:12:19:05,+0100,"-"" 408 - ""-"" ""-",90fb026d,"-"" <*> - ""-"" ""-",['408']
2,Server,201.92.187.217,14/Mar/2020:12:54:00,+0100,"GET / HTTP/1.1"" 200 10918 ""-"" ""Mozilla/5.0 (Windows NT 6.1; WOW64) AppleWebKit/537.36 (KHTML, like Gecko) Chrome/51.0.2704.103 Safari/537.36",3e9eb8e7,"GET / HTTP/<*>.<*>"" <*> <*> ""-"" ""Mozilla/<*>.<*> (Windows NT <*>.<*>; WOW64) AppleWebKit/<*>.<*> (KHTML, like Gecko) Chrome<*> Safari/<*>.<*>","['1.1', '200 10918', '5.0', '6.1', '537.36', '/51.0.2704.103', '537.36']"
3,Server,172.104.242.173,14/Mar/2020:13:34:34,+0100,"\xba\xabd\xa1EZC\xdbM\x87\xee^\xfd\xbf\x159 X\xd4>\x12\x98\xc4<\xe0\x13\xcf"" 400 300 ""-"" ""-",a0a6be44,"\xba\xabd\xa1EZC\xdbM\x87\xee^\xfd\xbf\x159 X\xd4>\x12\x98\xc4<\xe0\x13\xcf"" <*> <*> ""-"" ""-",['400 300']
4,Server,187.102.54.255,14/Mar/2020:14:10:03,+0100,"GET / HTTP/1.1"" 200 10918 ""-"" ""Mozilla/5.0 (Windows NT 6.1; WOW64) AppleWebKit/537.36 (KHTML, like Gecko) Chrome/51.0.2704.103 Safari/537.36",3e9eb8e7,"GET / HTTP/<*>.<*>"" <*> <*> ""-"" ""Mozilla/<*>.<*> (Windows NT <*>.<*>; WOW64) AppleWebKit/<*>.<*> (KHTML, like Gecko) Chrome<*> Safari/<*>.<*>","['1.1', '200 10918', '5.0', '6.1', '537.36', '/51.0.2704.103', '537.36']"
5,Server,125.209.102.205,14/Mar/2020:15:33:31,+0100,"GET / HTTP/1.1"" 200 10918 ""-"" ""Mozilla/5.0 (Macintosh; Intel Mac OS X 10_11_6) AppleWebKit/601.7.7 (KHTML, like Gecko) Version/9.1.2 Safari/601.7.7",bd809b83,"GET / HTTP/<*>.<*>"" <*> <*> ""-"" ""Mozilla/<*>.<*> (Macintosh; Intel Mac OS X <*>_<*>_<*>) AppleWebKit/<*>.<*>.<*> (KHTML, like Gecko) Version/<*>.<*>.<*> Safari/<*>.<*>.<*>","['1.1', '200 10918', '5.0', '10', '11_6', '601', '7.7', '9', '1.2', '601', '7.7']"
6,Server,24.8.127.192,14/Mar/2020:15:33:33,+0100,"GET / HTTP/1.1"" 200 10918 ""-"" ""-",c81e0bf1,"GET / HTTP/<*>.<*>"" <*> <*> ""-"" ""-","['1.1', '200 10918']"
7,Server,93.243.136.158,14/Mar/2020:15:49:54,+0100,"GET /phpmyadmin/index.php?lang=en HTTP/1.1"" 404 277 ""-"" ""Mozilla/5.0 (Windows NT 10.0; Win64; x64) AppleWebKit/537.36 (KHTML, like Gecko) Chrome/77.0.3865.120 Safari/537.36",e94fa805,"GET <*> HTTP/<*>.<*>"" <*> <*> ""-"" ""Mozilla/<*>.<*> (Windows NT <*>.<*>; Win64; x64) AppleWebKit/<*>.<*> (KHTML, like Gecko) Chrome<*> Safari/<*>.<*>","['/phpmyadmin/index.php?lang=en', '1.1', '404 277', '5.0', '10.0', '537.36', '/77.0.3865.120', '537.36']"
8,Server,93.243.136.158,14/Mar/2020:15:49:54,+0100,"GET /phpMyadmin/index.php?lang=en HTTP/1.1"" 404 277 ""-"" ""Mozilla/5.0 (Windows NT 10.0; Win64; x64) AppleWebKit/537.36 (KHTML, like Gecko) Chrome/77.0.3865.120 Safari/537.36",e94fa805,"GET <*> HTTP/<*>.<*>"" <*> <*> ""-"" ""Mozilla/<*>.<*> (Windows NT <*>.<*>; Win64; x64) AppleWebKit/<*>.<*> (KHTML, like Gecko) Chrome<*> Safari/<*>.<*>","['/phpMyadmin/index.php?lang=en', '1.1', '404 277', '5.0', '10.0', '537.36', '/77.0.3865.120', '537.36']"
9,Server,93.243.136.158,14/Mar/2020:15:49:55,+0100,"GET /phpMyAdmin/index.php?lang=en HTTP/1.1"" 404 277 ""-"" ""Mozilla/5.0 (Windows NT 10.0; Win64; x64) AppleWebKit/537.36 (KHTML, like Gecko) Chrome/77.0.3865.120 Safari/537.36",e94fa805,"GET <*> HTTP/<*>.<*>"" <*> <*> ""-"" ""Mozilla/<*>.<*> (Windows NT <*>.<*>; Win64; x64) AppleWebKit/<*>.<*> (KHTML, like Gecko) Chrome<*> Safari/<*>.<*>","['/phpMyAdmin/index.php?lang=en', '1.1', '404 277', '5.0', '10.0', '537.36', '/77.0.3865.120', '537.36']"
10,Server,93.243.136.158,14/Mar/2020:15:49:56,+0100,"GET /phpmyAdmin/index.php?lang=en HTTP/1.1"" 404 277 ""-"" ""Mozilla/5.0 (Windows NT 10.0; Win64; x64) AppleWebKit/537.36 (KHTML, like Gecko) Chrome/77.0.3865.120 Safari/537.36",e94fa805,"GET <*> HTTP/<*>.<*>"" <*> <*> ""-"" ""Mozilla/<*>.<*> (Windows NT <*>.<*>; Win64; x64) AppleWebKit/<*>.<*> (KHTML, like Gecko) Chrome<*> Safari/<*>.<*>","['/phpmyAdmin/index.php?lang=en', '1.1', '404 277', '5.0', '10.0', '537.36', '/77.0.3865.120', '537.36']"
11,Server,93.243.136.158,14/Mar/2020:15:49:56,+0100,"GET /mysql/index.php?lang=en HTTP/1.1"" 404 277 ""-"" ""Mozilla/5.0 (Windows NT 10.0; Win64; x64) AppleWebKit/537.36 (KHTML, like Gecko) Chrome/77.0.3865.120 Safari/537.36",e94fa805,"GET <*> HTTP/<*>.<*>"" <*> <*> ""-"" ""Mozilla/<*>.<*> (Windows NT <*>.<*>; Win64; x64) AppleWebKit/<*>.<*> (KHTML, like Gecko) Chrome<*> Safari/<*>.<*>","['/mysql/index.php?lang=en', '1.1', '404 277', '5.0', '10.0', '537.36', '/77.0.3865.120', '537.36']"
12,Server,93.243.136.158,14/Mar/2020:15:49:57,+0100,"GET /database/index.php?lang=en HTTP/1.1"" 404 277 ""-"" ""Mozilla/5.0 (Windows NT 10.0; Win64; x64) AppleWebKit/537.36 (KHTML, like Gecko) Chrome/77.0.3865.120 Safari/537.36",e94fa805,"GET <*> HTTP/<*>.<*>"" <*> <*> ""-"" ""Mozilla/<*>.<*> (Windows NT <*>.<*>; Win64; x64) AppleWebKit/<*>.<*> (KHTML, like Gecko) Chrome<*> Safari/<*>.<*>","['/database/index.php?lang=en', '1.1', '404 277', '5.0', '10.0', '537.36', '/77.0.3865.120', '537.36']"
13,Server,93.243.136.158,14/Mar/2020:15:49:58,+0100,"GET /phpmyadmin1/index.php?lang=en HTTP/1.1"" 404 277 ""-"" ""Mozilla/5.0 (Windows NT 10.0; Win64; x64) AppleWebKit/537.36 (KHTML, like Gecko) Chrome/77.0.3865.120 Safari/537.36",e94fa805,"GET <*> HTTP/<*>.<*>"" <*> <*> ""-"" ""Mozilla/<*>.<*> (Windows NT <*>.<*>; Win64; x64) AppleWebKit/<*>.<*> (KHTML, like Gecko) Chrome<*> Safari/<*>.<*>","['/phpmyadmin1/index.php?lang=en', '1.1', '404 277', '5.0', '10.0', '537.36', '/77.0.3865.120', '537.36']"
14,Server,93.243.136.158,14/Mar/2020:15:49:58,+0100,"GET /phpmyadmin2/index.php?lang=en HTTP/1.1"" 404 277 ""-"" ""Mozilla/5.0 (Windows NT 10.0; Win64; x64) AppleWebKit/537.36 (KHTML, like Gecko) Chrome/77.0.3865.120 Safari/537.36",e94fa805,"GET <*> HTTP/<*>.<*>"" <*> <*> ""-"" ""Mozilla/<*>.<*> (Windows NT <*>.<*>; Win64; x64) AppleWebKit/<*>.<*> (KHTML, like Gecko) Chrome<*> Safari/<*>.<*>","['/phpmyadmin2/index.php?lang=en', '1.1', '404 277', '5.0', '10.0', '537.36', '/77.0.3865.120', '537.36']"
15,Server,93.243.136.158,14/Mar/2020:15:49:59,+0100,"GET /phpmyadmin3/index.php?lang=en HTTP/1.1"" 404 277 ""-"" ""Mozilla/5.0 (Windows NT 10.0; Win64; x64) AppleWebKit/537.36 (KHTML, like Gecko) Chrome/77.0.3865.120 Safari/537.36",e94fa805,"GET <*> HTTP/<*>.<*>"" <*> <*> ""-"" ""Mozilla/<*>.<*> (Windows NT <*>.<*>; Win64; x64) AppleWebKit/<*>.<*> (KHTML, like Gecko) Chrome<*> Safari/<*>.<*>","['/phpmyadmin3/index.php?lang=en', '1.1', '404 277', '5.0', '10.0', '537.36', '/77.0.3865.120', '537.36']"
16,Server,93.243.136.158,14/Mar/2020:15:50:00,+0100,"GET /phpmyadmin4/index.php?lang=en HTTP/1.1"" 404 277 ""-"" ""Mozilla/5.0 (Windows NT 10.0; Win64; x64) AppleWebKit/537.36 (KHTML, like Gecko) Chrome/77.0.3865.120 Safari/537.36",e94fa805,"GET <*> HTTP/<*>.<*>"" <*> <*> ""-"" ""Mozilla/<*>.<*> (Windows NT <*>.<*>; Win64; x64) AppleWebKit/<*>.<*> (KHTML, like Gecko) Chrome<*> Safari/<*>.<*>","['/phpmyadmin4/index.php?lang=en', '1.1', '404 277', '5.0', '10.0', '537.36', '/77.0.3865.120', '537.36']"
17,Server,93.243.136.158,14/Mar/2020:15:50:00,+0100,"GET /mysql/admin/index.php?lang=en HTTP/1.1"" 404 277 ""-"" ""Mozilla/5.0 (Windows NT 10.0; Win64; x64) AppleWebKit/537.36 (KHTML, like Gecko) Chrome/77.0.3865.120 Safari/537.36",e94fa805,"GET <*> HTTP/<*>.<*>"" <*> <*> ""-"" ""Mozilla/<*>.<*> (Windows NT <*>.<*>; Win64; x64) AppleWebKit/<*>.<*> (KHTML, like Gecko) Chrome<*> Safari/<*>.<*>","['/mysql/admin/index.php?lang=en', '1.1', '404 277', '5.0', '10.0', '537.36', '/77.0.3865.120', '537.36']"
18,Server,93.243.136.158,14/Mar/2020:15:50:01,+0100,"GET /mysql/dbadmin/index.php?lang=en HTTP/1.1"" 404 277 ""-"" ""Mozilla/5.0 (Windows NT 10.0; Win64; x64) AppleWebKit/537.36 (KHTML, like Gecko) Chrome/77.0.3865.120 Safari/537.36",e94fa805,"GET <*> HTTP/<*>.<*>"" <*> <*> ""-"" ""Mozilla/<*>.<*> (Windows NT <*>.<*>; Win64; x64) AppleWebKit/<*>.<*> (KHTML, like Gecko) Chrome<*> Safari/<*>.<*>","['/mysql/dbadmin/index.php?lang=en', '1.1', '404 277', '5.0', '10.0', '537.36', '/77.0.3865.120', '537.36']"
19,Server,93.243.136.158,14/Mar/2020:15:50:02,+0100,"GET /mysql/sqlmanager/index.php?lang=en HTTP/1.1"" 404 277 ""-"" ""Mozilla/5.0 (Windows NT 10.0; Win64; x64) AppleWebKit/537.36 (KHTML, like Gecko) Chrome/77.0.3865.120 Safari/537.36",e94fa805,"GET <*> HTTP/<*>.<*>"" <*> <*> ""-"" ""Mozilla/<*>.<*> (Windows NT <*>.<*>; Win64; x64) AppleWebKit/<*>.<*> (KHTML, like Gecko) Chrome<*> Safari/<*>.<*>","['/mysql/sqlmanager/index.php?lang=en', '1.1', '404 277', '5.0', '10.0', '537.36', '/77.0.3865.120', '537.36']"
20,Server,93.243.136.158,14/Mar/2020:15:50:02,+0100,"GET /mysql/mysqlmanager/index.php?lang=en HTTP/1.1"" 404 277 ""-"" ""Mozilla/5.0 (Windows NT 10.0; Win64; x64) AppleWebKit/537.36 (KHTML, like Gecko) Chrome/77.0.3865.120 Safari/537.36",e94fa805,"GET <*> HTTP/<*>.<*>"" <*> <*> ""-"" ""Mozilla/<*>.<*> (Windows NT <*>.<*>; Win64; x64) AppleWebKit/<*>.<*> (KHTML, like Gecko) Chrome<*> Safari/<*>.<*>","['/mysql/mysqlmanager/index.php?lang=en', '1.1', '404 277', '5.0', '10.0', '537.36', '/77.0.3865.120', '537.36']"
21,Server,93.243.136.158,14/Mar/2020:15:50:03,+0100,"GET /2phpmyadmin/index.php?lang=en HTTP/1.1"" 404 277 ""-"" ""Mozilla/5.0 (Windows NT 10.0; Win64; x64) AppleWebKit/537.36 (KHTML, like Gecko) Chrome/77.0.3865.120 Safari/537.36",e94fa805,"GET <*> HTTP/<*>.<*>"" <*> <*> ""-"" ""Mozilla/<*>.<*> (Windows NT <*>.<*>; Win64; x64) AppleWebKit/<*>.<*> (KHTML, like Gecko) Chrome<*> Safari/<*>.<*>","['/2phpmyadmin/index.php?lang=en', '1.1', '404 277', '5.0', '10.0', '537.36', '/77.0.3865.120', '537.36']"
22,Server,93.243.136.158,14/Mar/2020:15:50:04,+0100,"GET /wp-content/plugins/portable-phpmyadmin/wp-pma-mod/index.php?lang=en HTTP/1.1"" 404 277 ""-"" ""Mozilla/5.0 (Windows NT 10.0; Win64; x64) AppleWebKit/537.36 (KHTML, like Gecko) Chrome/77.0.3865.120 Safari/537.36",e94fa805,"GET <*> HTTP/<*>.<*>"" <*> <*> ""-"" ""Mozilla/<*>.<*> (Windows NT <*>.<*>; Win64; x64) AppleWebKit/<*>.<*> (KHTML, like Gecko) Chrome<*> Safari/<*>.<*>","['/wp-content/plugins/portable-phpmyadmin/wp-pma-mod/index.php?lang=en', '1.1', '404 277', '5.0', '10.0', '537.36', '/77.0.3865.120', '537.36']"
23,Server,93.243.136.158,14/Mar/2020:15:50:04,+0100,"GET /phpmy/index.php?lang=en HTTP/1.1"" 404 277 ""-"" ""Mozilla/5.0 (Windows NT 10.0; Win64; x64) AppleWebKit/537.36 (KHTML, like Gecko) Chrome/77.0.3865.120 Safari/537.36",e94fa805,"GET <*> HTTP/<*>.<*>"" <*> <*> ""-"" ""Mozilla/<*>.<*> (Windows NT <*>.<*>; Win64; x64) AppleWebKit/<*>.<*> (KHTML, like Gecko) Chrome<*> Safari/<*>.<*>","['/phpmy/index.php?lang=en', '1.1', '404 277', '5.0', '10.0', '537.36', '/77.0.3865.120', '537.36']"
24,Server,93.243.136.158,14/Mar/2020:15:50:05,+0100,"GET /phppma/index.php?lang=en HTTP/1.1"" 404 277 ""-"" ""Mozilla/5.0 (Windows NT 10.0; Win64; x64) AppleWebKit/537.36 (KHTML, like Gecko) Chrome/77.0.3865.120 Safari/537.36",e94fa805,"GET <*> HTTP/<*>.<*>"" <*> <*> ""-"" ""Mozilla/<*>.<*> (Windows NT <*>.<*>; Win64; x64) AppleWebKit/<*>.<*> (KHTML, like Gecko) Chrome<*> Safari/<*>.<*>","['/phppma/index.php?lang=en', '1.1', '404 277', '5.0', '10.0', '537.36', '/77.0.3865.120', '537.36']"
25,Server,93.243.136.158,14/Mar/2020:15:50:06,+0100,"GET /myadmin/index.php?lang=en HTTP/1.1"" 404 277 ""-"" ""Mozilla/5.0 (Windows NT 10.0; Win64; x64) AppleWebKit/537.36 (KHTML, like Gecko) Chrome/77.0.3865.120 Safari/537.36",e94fa805,"GET <*> HTTP/<*>.<*>"" <*> <*> ""-"" ""Mozilla/<*>.<*> (Windows NT <*>.<*>; Win64; x64) AppleWebKit/<*>.<*> (KHTML, like Gecko) Chrome<*> Safari/<*>.<*>","['/myadmin/index.php?lang=en', '1.1', '404 277', '5.0', '10.0', '537.36', '/77.0.3865.120', '537.36']"
26,Server,93.243.136.158,14/Mar/2020:15:50:06,+0100,"GET /shopdb/index.php?lang=en HTTP/1.1"" 404 277 ""-"" ""Mozilla/5.0 (Windows NT 10.0; Win64; x64) AppleWebKit/537.36 (KHTML, like Gecko) Chrome/77.0.3865.120 Safari/537.36",e94fa805,"GET <*> HTTP/<*>.<*>"" <*> <*> ""-"" ""Mozilla/<*>.<*> (Windows NT <*>.<*>; Win64; x64) AppleWebKit/<*>.<*> (KHTML, like Gecko) Chrome<*> Safari/<*>.<*>","['/shopdb/index.php?lang=en', '1.1', '404 277', '5.0', '10.0', '537.36', '/77.0.3865.120', '537.36']"
27,Server,93.243.136.158,14/Mar/2020:15:50:07,+0100,"GET /MyAdmin/index.php?lang=en HTTP/1.1"" 404 277 ""-"" ""Mozilla/5.0 (Windows NT 10.0; Win64; x64) AppleWebKit/537.36 (KHTML, like Gecko) Chrome/77.0.3865.120 Safari/537.36",e94fa805,"GET <*> HTTP/<*>.<*>"" <*> <*> ""-"" ""Mozilla/<*>.<*> (Windows NT <*>.<*>; Win64; x64) AppleWebKit/<*>.<*> (KHTML, like Gecko) Chrome<*> Safari/<*>.<*>","['/MyAdmin/index.php?lang=en', '1.1', '404 277', '5.0', '10.0', '537.36', '/77.0.3865.120', '537.36']"
28,Server,93.243.136.158,14/Mar/2020:15:50:08,+0100,"GET /program/index.php?lang=en HTTP/1.1"" 404 277 ""-"" ""Mozilla/5.0 (Windows NT 10.0; Win64; x64) AppleWebKit/537.36 (KHTML, like Gecko) Chrome/77.0.3865.120 Safari/537.36",e94fa805,"GET <*> HTTP/<*>.<*>"" <*> <*> ""-"" ""Mozilla/<*>.<*> (Windows NT <*>.<*>; Win64; x64) AppleWebKit/<*>.<*> (KHTML, like Gecko) Chrome<*> Safari/<*>.<*>","['/program/index.php?lang=en', '1.1', '404 277', '5.0', '10.0', '537.36', '/77.0.3865.120', '537.36']"
29,Server,93.243.136.158,14/Mar/2020:15:50:09,+0100,"GET /PMA/index.php?lang=en HTTP/1.1"" 404 277 ""-"" ""Mozilla/5.0 (Windows NT 10.0; Win64; x64) AppleWebKit/537.36 (KHTML, like Gecko) Chrome/77.0.3865.120 Safari/537.36",e94fa805,"GET <*> HTTP/<*>.<*>"" <*> <*> ""-"" ""Mozilla/<*>.<*> (Windows NT <*>.<*>; Win64; x64) AppleWebKit/<*>.<*> (KHTML, like Gecko) Chrome<*> Safari/<*>.<*>","['/PMA/index.php?lang=en', '1.1', '404 277', '5.0', '10.0', '537.36', '/77.0.3865.120', '537.36']"
30,Server,93.243.136.158,14/Mar/2020:15:50:09,+0100,"GET /dbadmin/index.php?lang=en HTTP/1.1"" 404 277 ""-"" ""Mozilla/5.0 (Windows NT 10.0; Win64; x64) AppleWebKit/537.36 (KHTML, like Gecko) Chrome/77.0.3865.120 Safari/537.36",e94fa805,"GET <*> HTTP/<*>.<*>"" <*> <*> ""-"" ""Mozilla/<*>.<*> (Windows NT <*>.<*>; Win64; x64) AppleWebKit/<*>.<*> (KHTML, like Gecko) Chrome<*> Safari/<*>.<*>","['/dbadmin/index.php?lang=en', '1.1', '404 277', '5.0', '10.0', '537.36', '/77.0.3865.120', '537.36']"
31,Server,93.243.136.158,14/Mar/2020:15:50:10,+0100,"GET /pma/index.php?lang=en HTTP/1.1"" 404 277 ""-"" ""Mozilla/5.0 (Windows NT 10.0; Win64; x64) AppleWebKit/537.36 (KHTML, like Gecko) Chrome/77.0.3865.120 Safari/537.36",e94fa805,"GET <*> HTTP/<*>.<*>"" <*> <*> ""-"" ""Mozilla/<*>.<*> (Windows NT <*>.<*>; Win64; x64) AppleWebKit/<*>.<*> (KHTML, like Gecko) Chrome<*> Safari/<*>.<*>","['/pma/index.php?lang=en', '1.1', '404 277', '5.0', '10.0', '537.36', '/77.0.3865.120', '537.36']"
32,Server,93.243.136.158,14/Mar/2020:15:50:10,+0100,"GET /db/index.php?lang=en HTTP/1.1"" 404 277 ""-"" ""Mozilla/5.0 (Windows NT 10.0; Win64; x64) AppleWebKit/537.36 (KHTML, like Gecko) Chrome/77.0.3865.120 Safari/537.36",e94fa805,"GET <*> HTTP/<*>.<*>"" <*> <*> ""-"" ""Mozilla/<*>.<*> (Windows NT <*>.<*>; Win64; x64) AppleWebKit/<*>.<*> (KHTML, like Gecko) Chrome<*> Safari/<*>.<*>","['/db/index.php?lang=en', '1.1', '404 277', '5.0', '10.0', '537.36', '/77.0.3865.120', '537.36']"
33,Server,93.243.136.158,14/Mar/2020:15:50:11,+0100,"GET /admin/index.php?lang=en HTTP/1.1"" 404 277 ""-"" ""Mozilla/5.0 (Windows NT 10.0; Win64; x64) AppleWebKit/537.36 (KHTML, like Gecko) Chrome/77.0.3865.120 Safari/537.36",e94fa805,"GET <*> HTTP/<*>.<*>"" <*> <*> ""-"" ""Mozilla/<*>.<*> (Windows NT <*>.<*>; Win64; x64) AppleWebKit/<*>.<*> (KHTML, like Gecko) Chrome<*> Safari/<*>.<*>","['/admin/index.php?lang=en', '1.1', '404 277', '5.0', '10.0', '537.36', '/77.0.3865.120', '537.36']"
34,Server,93.243.136.158,14/Mar/2020:15:50:12,+0100,"GET /db/phpmyadmin/index.php?lang=en HTTP/1.1"" 404 277 ""-"" ""Mozilla/5.0 (Windows NT 10.0; Win64; x64) AppleWebKit/537.36 (KHTML, like Gecko) Chrome/77.0.3865.120 Safari/537.36",e94fa805,"GET <*> HTTP/<*>.<*>"" <*> <*> ""-"" ""Mozilla/<*>.<*> (Windows NT <*>.<*>; Win64; x64) AppleWebKit/<*>.<*> (KHTML, like Gecko) Chrome<*> Safari/<*>.<*>","['/db/phpmyadmin/index.php?lang=en', '1.1', '404 277', '5.0', '10.0', '537.36', '/77.0.3865.120', '537.36']"
35,Server,93.243.136.158,14/Mar/2020:15:50:13,+0100,"GET /db/phpMyAdmin/index.php?lang=en HTTP/1.1"" 404 277 ""-"" ""Mozilla/5.0 (Windows NT 10.0; Win64; x64) AppleWebKit/537.36 (KHTML, like Gecko) Chrome/77.0.3865.120 Safari/537.36",e94fa805,"GET <*> HTTP/<*>.<*>"" <*> <*> ""-"" ""Mozilla/<*>.<*> (Windows NT <*>.<*>; Win64; x64) AppleWebKit/<*>.<*> (KHTML, like Gecko) Chrome<*> Safari/<*>.<*>","['/db/phpMyAdmin/index.php?lang=en', '1.1', '404 277', '5.0', '10.0', '537.36', '/77.0.3865.120', '537.36']"
36,Server,93.243.136.158,14/Mar/2020:15:50:13,+0100,"GET /sqlmanager/index.php?lang=en HTTP/1.1"" 404 277 ""-"" ""Mozilla/5.0 (Windows NT 10.0; Win64; x64) AppleWebKit/537.36 (KHTML, like Gecko) Chrome/77.0.3865.120 Safari/537.36",e94fa805,"GET <*> HTTP/<*>.<*>"" <*> <*> ""-"" ""Mozilla/<*>.<*> (Windows NT <*>.<*>; Win64; x64) AppleWebKit/<*>.<*> (KHTML, like Gecko) Chrome<*> Safari/<*>.<*>","['/sqlmanager/index.php?lang=en', '1.1', '404 277', '5.0', '10.0', '537.36', '/77.0.3865.120', '537.36']"
37,Server,93.243.136.158,14/Mar/2020:15:50:14,+0100,"GET /mysqlmanager/index.php?lang=en HTTP/1.1"" 404 277 ""-"" ""Mozilla/5.0 (Windows NT 10.0; Win64; x64) AppleWebKit/537.36 (KHTML, like Gecko) Chrome/77.0.3865.120 Safari/537.36",e94fa805,"GET <*> HTTP/<*>.<*>"" <*> <*> ""-"" ""Mozilla/<*>.<*> (Windows NT <*>.<*>; Win64; x64) AppleWebKit/<*>.<*> (KHTML, like Gecko) Chrome<*> Safari/<*>.<*>","['/mysqlmanager/index.php?lang=en', '1.1', '404 277', '5.0', '10.0', '537.36', '/77.0.3865.120', '537.36']"
38,Server,93.243.136.158,14/Mar/2020:15:50:14,+0100,"GET /php-myadmin/index.php?lang=en HTTP/1.1"" 404 277 ""-"" ""Mozilla/5.0 (Windows NT 10.0; Win64; x64) AppleWebKit/537.36 (KHTML, like Gecko) Chrome/77.0.3865.120 Safari/537.36",e94fa805,"GET <*> HTTP/<*>.<*>"" <*> <*> ""-"" ""Mozilla/<*>.<*> (Windows NT <*>.<*>; Win64; x64) AppleWebKit/<*>.<*> (KHTML, like Gecko) Chrome<*> Safari/<*>.<*>","['/php-myadmin/index.php?lang=en', '1.1', '404 277', '5.0', '10.0', '537.36', '/77.0.3865.120', '537.36']"
39,Server,93.243.136.158,14/Mar/2020:15:50:15,+0100,"GET /phpmy-admin/index.php?lang=en HTTP/1.1"" 404 277 ""-"" ""Mozilla/5.0 (Windows NT 10.0; Win64; x64) AppleWebKit/537.36 (KHTML, like Gecko) Chrome/77.0.3865.120 Safari/537.36",e94fa805,"GET <*> HTTP/<*>.<*>"" <*> <*> ""-"" ""Mozilla/<*>.<*> (Windows NT <*>.<*>; Win64; x64) AppleWebKit/<*>.<*> (KHTML, like Gecko) Chrome<*> Safari/<*>.<*>","['/phpmy-admin/index.php?lang=en', '1.1', '404 277', '5.0', '10.0', '537.36', '/77.0.3865.120', '537.36']"
40,Server,93.243.136.158,14/Mar/2020:15:50:16,+0100,"GET /mysqladmin/index.php?lang=en HTTP/1.1"" 404 277 ""-"" ""Mozilla/5.0 (Windows NT 10.0; Win64; x64) AppleWebKit/537.36 (KHTML, like Gecko) Chrome/77.0.3865.120 Safari/537.36",e94fa805,"GET <*> HTTP/<*>.<*>"" <*> <*> ""-"" ""Mozilla/<*>.<*> (Windows NT <*>.<*>; Win64; x64) AppleWebKit/<*>.<*> (KHTML, like Gecko) Chrome<*> Safari/<*>.<*>","['/mysqladmin/index.php?lang=en', '1.1', '404 277', '5.0', '10.0', '537.36', '/77.0.3865.120', '537.36']"
41,Server,93.243.136.158,14/Mar/2020:15:50:16,+0100,"GET /mysql-admin/index.php?lang=en HTTP/1.1"" 404 277 ""-"" ""Mozilla/5.0 (Windows NT 10.0; Win64; x64) AppleWebKit/537.36 (KHTML, like Gecko) Chrome/77.0.3865.120 Safari/537.36",e94fa805,"GET <*> HTTP/<*>.<*>"" <*> <*> ""-"" ""Mozilla/<*>.<*> (Windows NT <*>.<*>; Win64; x64) AppleWebKit/<*>.<*> (KHTML, like Gecko) Chrome<*> Safari/<*>.<*>","['/mysql-admin/index.php?lang=en', '1.1', '404 277', '5.0', '10.0', '537.36', '/77.0.3865.120', '537.36']"
42,Server,93.243.136.158,14/Mar/2020:15:50:17,+0100,"GET /admin/phpmyadmin/index.php?lang=en HTTP/1.1"" 404 277 ""-"" ""Mozilla/5.0 (Windows NT 10.0; Win64; x64) AppleWebKit/537.36 (KHTML, like Gecko) Chrome/77.0.3865.120 Safari/537.36",e94fa805,"GET <*> HTTP/<*>.<*>"" <*> <*> ""-"" ""Mozilla/<*>.<*> (Windows NT <*>.<*>; Win64; x64) AppleWebKit/<*>.<*> (KHTML, like Gecko) Chrome<*> Safari/<*>.<*>","['/admin/phpmyadmin/index.php?lang=en', '1.1', '404 277', '5.0', '10.0', '537.36', '/77.0.3865.120', '537.36']"
43,Server,93.243.136.158,14/Mar/2020:15:50:18,+0100,"GET /admin/phpMyAdmin/index.php?lang=en HTTP/1.1"" 404 277 ""-"" ""Mozilla/5.0 (Windows NT 10.0; Win64; x64) AppleWebKit/537.36 (KHTML, like Gecko) Chrome/77.0.3865.120 Safari/537.36",e94fa805,"GET <*> HTTP/<*>.<*>"" <*> <*> ""-"" ""Mozilla/<*>.<*> (Windows NT <*>.<*>; Win64; x64) AppleWebKit/<*>.<*> (KHTML, like Gecko) Chrome<*> Safari/<*>.<*>","['/admin/phpMyAdmin/index.php?lang=en', '1.1', '404 277', '5.0', '10.0', '537.36', '/77.0.3865.120', '537.36']"
44,Server,93.243.136.158,14/Mar/2020:15:50:18,+0100,"GET /admin/sysadmin/index.php?lang=en HTTP/1.1"" 404 277 ""-"" ""Mozilla/5.0 (Windows NT 10.0; Win64; x64) AppleWebKit/537.36 (KHTML, like Gecko) Chrome/77.0.3865.120 Safari/537.36",e94fa805,"GET <*> HTTP/<*>.<*>"" <*> <*> ""-"" ""Mozilla/<*>.<*> (Windows NT <*>.<*>; Win64; x64) AppleWebKit/<*>.<*> (KHTML, like Gecko) Chrome<*> Safari/<*>.<*>","['/admin/sysadmin/index.php?lang=en', '1.1', '404 277', '5.0', '10.0', '537.36', '/77.0.3865.120', '537.36']"
45,Server,93.243.136.158,14/Mar/2020:15:50:19,+0100,"GET /admin/sqladmin/index.php?lang=en HTTP/1.1"" 404 277 ""-"" ""Mozilla/5.0 (Windows NT 10.0; Win64; x64) AppleWebKit/537.36 (KHTML, like Gecko) Chrome/77.0.3865.120 Safari/537.36",e94fa805,"GET <*> HTTP/<*>.<*>"" <*> <*> ""-"" ""Mozilla/<*>.<*> (Windows NT <*>.<*>; Win64; x64) AppleWebKit/<*>.<*> (KHTML, like Gecko) Chrome<*> Safari/<*>.<*>","['/admin/sqladmin/index.php?lang=en', '1.1', '404 277', '5.0', '10.0', '537.36', '/77.0.3865.120', '537.36']"
46,Server,93.243.136.158,14/Mar/2020:15:50:20,+0100,"GET /admin/db/index.php?lang=en HTTP/1.1"" 404 277 ""-"" ""Mozilla/5.0 (Windows NT 10.0; Win64; x64) AppleWebKit/537.36 (KHTML, like Gecko) Chrome/77.0.3865.120 Safari/537.36",e94fa805,"GET <*> HTTP/<*>.<*>"" <*> <*> ""-"" ""Mozilla/<*>.<*> (Windows NT <*>.<*>; Win64; x64) AppleWebKit/<*>.<*> (KHTML, like Gecko) Chrome<*> Safari/<*>.<*>","['/admin/db/index.php?lang=en', '1.1', '404 277', '5.0', '10.0', '537.36', '/77.0.3865.120', '537.36']"
47,Server,93.243.136.158,14/Mar/2020:15:50:20,+0100,"GET /admin/web/index.php?lang=en HTTP/1.1"" 404 277 ""-"" ""Mozilla/5.0 (Windows NT 10.0; Win64; x64) AppleWebKit/537.36 (KHTML, like Gecko) Chrome/77.0.3865.120 Safari/537.36",e94fa805,"GET <*> HTTP/<*>.<*>"" <*> <*> ""-"" ""Mozilla/<*>.<*> (Windows NT <*>.<*>; Win64; x64) AppleWebKit/<*>.<*> (KHTML, like Gecko) Chrome<*> Safari/<*>.<*>","['/admin/web/index.php?lang=en', '1.1', '404 277', '5.0', '10.0', '537.36', '/77.0.3865.120', '537.36']"
48,Server,93.243.136.158,14/Mar/2020:15:50:21,+0100,"GET /admin/pMA/index.php?lang=en HTTP/1.1"" 404 277 ""-"" ""Mozilla/5.0 (Windows NT 10.0; Win64; x64) AppleWebKit/537.36 (KHTML, like Gecko) Chrome/77.0.3865.120 Safari/537.36",e94fa805,"GET <*> HTTP/<*>.<*>"" <*> <*> ""-"" ""Mozilla/<*>.<*> (Windows NT <*>.<*>; Win64; x64) AppleWebKit/<*>.<*> (KHTML, like Gecko) Chrome<*> Safari/<*>.<*>","['/admin/pMA/index.php?lang=en', '1.1', '404 277', '5.0', '10.0', '537.36', '/77.0.3865.120', '537.36']"
49,Server,93.243.136.158,14/Mar/2020:15:50:22,+0100,"GET /mysql/pma/index.php?lang=en HTTP/1.1"" 404 277 ""-"" ""Mozilla/5.0 (Windows NT 10.0; Win64; x64) AppleWebKit/537.36 (KHTML, like Gecko) Chrome/77.0.3865.120 Safari/537.36",e94fa805,"GET <*> HTTP/<*>.<*>"" <*> <*> ""-"" ""Mozilla/<*>.<*> (Windows NT <*>.<*>; Win64; x64) AppleWebKit/<*>.<*> (KHTML, like Gecko) Chrome<*> Safari/<*>.<*>","['/mysql/pma/index.php?lang=en', '1.1', '404 277', '5.0', '10.0', '537.36', '/77.0.3865.120', '537.36']"
50,Server,93.243.136.158,14/Mar/2020:15:50:22,+0100,"GET /mysql/db/index.php?lang=en HTTP/1.1"" 404 277 ""-"" ""Mozilla/5.0 (Windows NT 10.0; Win64; x64) AppleWebKit/537.36 (KHTML, like Gecko) Chrome/77.0.3865.120 Safari/537.36",e94fa805,"GET <*> HTTP/<*>.<*>"" <*> <*> ""-"" ""Mozilla/<*>.<*> (Windows NT <*>.<*>; Win64; x64) AppleWebKit/<*>.<*> (KHTML, like Gecko) Chrome<*> Safari/<*>.<*>","['/mysql/db/index.php?lang=en', '1.1', '404 277', '5.0', '10.0', '537.36', '/77.0.3865.120', '537.36']"
51,Server,93.243.136.158,14/Mar/2020:15:50:23,+0100,"GET /mysql/web/index.php?lang=en HTTP/1.1"" 404 277 ""-"" ""Mozilla/5.0 (Windows NT 10.0; Win64; x64) AppleWebKit/537.36 (KHTML, like Gecko) Chrome/77.0.3865.120 Safari/537.36",e94fa805,"GET <*> HTTP/<*>.<*>"" <*> <*> ""-"" ""Mozilla/<*>.<*> (Windows NT <*>.<*>; Win64; x64) AppleWebKit/<*>.<*> (KHTML, like Gecko) Chrome<*> Safari/<*>.<*>","['/mysql/web/index.php?lang=en', '1.1', '404 277', '5.0', '10.0', '537.36', '/77.0.3865.120', '537.36']"
52,Server,93.243.136.158,14/Mar/2020:15:50:24,+0100,"GET /mysql/pMA/index.php?lang=en HTTP/1.1"" 404 277 ""-"" ""Mozilla/5.0 (Windows NT 10.0; Win64; x64) AppleWebKit/537.36 (KHTML, like Gecko) Chrome/77.0.3865.120 Safari/537.36",e94fa805,"GET <*> HTTP/<*>.<*>"" <*> <*> ""-"" ""Mozilla/<*>.<*> (Windows NT <*>.<*>; Win64; x64) AppleWebKit/<*>.<*> (KHTML, like Gecko) Chrome<*> Safari/<*>.<*>","['/mysql/pMA/index.php?lang=en', '1.1', '404 277', '5.0', '10.0', '537.36', '/77.0.3865.120', '537.36']"
53,Server,93.243.136.158,14/Mar/2020:15:50:24,+0100,"GET /sql/phpmanager/index.php?lang=en HTTP/1.1"" 404 277 ""-"" ""Mozilla/5.0 (Windows NT 10.0; Win64; x64) AppleWebKit/537.36 (KHTML, like Gecko) Chrome/77.0.3865.120 Safari/537.36",e94fa805,"GET <*> HTTP/<*>.<*>"" <*> <*> ""-"" ""Mozilla/<*>.<*> (Windows NT <*>.<*>; Win64; x64) AppleWebKit/<*>.<*> (KHTML, like Gecko) Chrome<*> Safari/<*>.<*>","['/sql/phpmanager/index.php?lang=en', '1.1', '404 277', '5.0', '10.0', '537.36', '/77.0.3865.120', '537.36']"
54,Server,93.243.136.158,14/Mar/2020:15:50:25,+0100,"GET /sql/php-myadmin/index.php?lang=en HTTP/1.1"" 404 277 ""-"" ""Mozilla/5.0 (Windows NT 10.0; Win64; x64) AppleWebKit/537.36 (KHTML, like Gecko) Chrome/77.0.3865.120 Safari/537.36",e94fa805,"GET <*> HTTP/<*>.<*>"" <*> <*> ""-"" ""Mozilla/<*>.<*> (Windows NT <*>.<*>; Win64; x64) AppleWebKit/<*>.<*> (KHTML, like Gecko) Chrome<*> Safari/<*>.<*>","['/sql/php-myadmin/index.php?lang=en', '1.1', '404 277', '5.0', '10.0', '537.36', '/77.0.3865.120', '537.36']"
55,Server,93.243.136.158,14/Mar/2020:15:50:26,+0100,"GET /sql/phpmy-admin/index.php?lang=en HTTP/1.1"" 404 277 ""-"" ""Mozilla/5.0 (Windows NT 10.0; Win64; x64) AppleWebKit/537.36 (KHTML, like Gecko) Chrome/77.0.3865.120 Safari/537.36",e94fa805,"GET <*> HTTP/<*>.<*>"" <*> <*> ""-"" ""Mozilla/<*>.<*> (Windows NT <*>.<*>; Win64; x64) AppleWebKit/<*>.<*> (KHTML, like Gecko) Chrome<*> Safari/<*>.<*>","['/sql/phpmy-admin/index.php?lang=en', '1.1', '404 277', '5.0', '10.0', '537.36', '/77.0.3865.120', '537.36']"
56,Server,93.243.136.158,14/Mar/2020:15:50:27,+0100,"GET /sql/sql/index.php?lang=en HTTP/1.1"" 404 277 ""-"" ""Mozilla/5.0 (Windows NT 10.0; Win64; x64) AppleWebKit/537.36 (KHTML, like Gecko) Chrome/77.0.3865.120 Safari/537.36",e94fa805,"GET <*> HTTP/<*>.<*>"" <*> <*> ""-"" ""Mozilla/<*>.<*> (Windows NT <*>.<*>; Win64; x64) AppleWebKit/<*>.<*> (KHTML, like Gecko) Chrome<*> Safari/<*>.<*>","['/sql/sql/index.php?lang=en', '1.1', '404 277', '5.0', '10.0', '537.36', '/77.0.3865.120', '537.36']"
57,Server,93.243.136.158,14/Mar/2020:15:50:27,+0100,"GET /sql/myadmin/index.php?lang=en HTTP/1.1"" 404 277 ""-"" ""Mozilla/5.0 (Windows NT 10.0; Win64; x64) AppleWebKit/537.36 (KHTML, like Gecko) Chrome/77.0.3865.120 Safari/537.36",e94fa805,"GET <*> HTTP/<*>.<*>"" <*> <*> ""-"" ""Mozilla/<*>.<*> (Windows NT <*>.<*>; Win64; x64) AppleWebKit/<*>.<*> (KHTML, like Gecko) Chrome<*> Safari/<*>.<*>","['/sql/myadmin/index.php?lang=en', '1.1', '404 277', '5.0', '10.0', '537.36', '/77.0.3865.120', '537.36']"
58,Server,93.243.136.158,14/Mar/2020:15:50:28,+0100,"GET /sql/webadmin/index.php?lang=en HTTP/1.1"" 404 277 ""-"" ""Mozilla/5.0 (Windows NT 10.0; Win64; x64) AppleWebKit/537.36 (KHTML, like Gecko) Chrome/77.0.3865.120 Safari/537.36",e94fa805,"GET <*> HTTP/<*>.<*>"" <*> <*> ""-"" ""Mozilla/<*>.<*> (Windows NT <*>.<*>; Win64; x64) AppleWebKit/<*>.<*> (KHTML, like Gecko) Chrome<*> Safari/<*>.<*>","['/sql/webadmin/index.php?lang=en', '1.1', '404 277', '5.0', '10.0', '537.36', '/77.0.3865.120', '537.36']"
59,Server,93.243.136.158,14/Mar/2020:15:50:29,+0100,"GET /sql/sqlweb/index.php?lang=en HTTP/1.1"" 404 277 ""-"" ""Mozilla/5.0 (Windows NT 10.0; Win64; x64) AppleWebKit/537.36 (KHTML, like Gecko) Chrome/77.0.3865.120 Safari/537.36",e94fa805,"GET <*> HTTP/<*>.<*>"" <*> <*> ""-"" ""Mozilla/<*>.<*> (Windows NT <*>.<*>; Win64; x64) AppleWebKit/<*>.<*> (KHTML, like Gecko) Chrome<*> Safari/<*>.<*>","['/sql/sqlweb/index.php?lang=en', '1.1', '404 277', '5.0', '10.0', '537.36', '/77.0.3865.120', '537.36']"
60,Server,93.243.136.158,14/Mar/2020:15:50:29,+0100,"GET /sql/websql/index.php?lang=en HTTP/1.1"" 404 277 ""-"" ""Mozilla/5.0 (Windows NT 10.0; Win64; x64) AppleWebKit/537.36 (KHTML, like Gecko) Chrome/77.0.3865.120 Safari/537.36",e94fa805,"GET <*> HTTP/<*>.<*>"" <*> <*> ""-"" ""Mozilla/<*>.<*> (Windows NT <*>.<*>; Win64; x64) AppleWebKit/<*>.<*> (KHTML, like Gecko) Chrome<*> Safari/<*>.<*>","['/sql/websql/index.php?lang=en', '1.1', '404 277', '5.0', '10.0', '537.36', '/77.0.3865.120', '537.36']"
61,Server,93.243.136.158,14/Mar/2020:15:50:30,+0100,"GET /sql/webdb/index.php?lang=en HTTP/1.1"" 404 277 ""-"" ""Mozilla/5.0 (Windows NT 10.0; Win64; x64) AppleWebKit/537.36 (KHTML, like Gecko) Chrome/77.0.3865.120 Safari/537.36",e94fa805,"GET <*> HTTP/<*>.<*>"" <*> <*> ""-"" ""Mozilla/<*>.<*> (Windows NT <*>.<*>; Win64; x64) AppleWebKit/<*>.<*> (KHTML, like Gecko) Chrome<*> Safari/<*>.<*>","['/sql/webdb/index.php?lang=en', '1.1', '404 277', '5.0', '10.0', '537.36', '/77.0.3865.120', '537.36']"
62,Server,93.243.136.158,14/Mar/2020:15:50:31,+0100,"GET /sql/sqladmin/index.php?lang=en HTTP/1.1"" 404 277 ""-"" ""Mozilla/5.0 (Windows NT 10.0; Win64; x64) AppleWebKit/537.36 (KHTML, like Gecko) Chrome/77.0.3865.120 Safari/537.36",e94fa805,"GET <*> HTTP/<*>.<*>"" <*> <*> ""-"" ""Mozilla/<*>.<*> (Windows NT <*>.<*>; Win64; x64) AppleWebKit/<*>.<*> (KHTML, like Gecko) Chrome<*> Safari/<*>.<*>","['/sql/sqladmin/index.php?lang=en', '1.1', '404 277', '5.0', '10.0', '537.36', '/77.0.3865.120', '537.36']"
63,Server,93.243.136.158,14/Mar/2020:15:50:31,+0100,"GET /sql/sql-admin/index.php?lang=en HTTP/1.1"" 404 277 ""-"" ""Mozilla/5.0 (Windows NT 10.0; Win64; x64) AppleWebKit/537.36 (KHTML, like Gecko) Chrome/77.0.3865.120 Safari/537.36",e94fa805,"GET <*> HTTP/<*>.<*>"" <*> <*> ""-"" ""Mozilla/<*>.<*> (Windows NT <*>.<*>; Win64; x64) AppleWebKit/<*>.<*> (KHTML, like Gecko) Chrome<*> Safari/<*>.<*>","['/sql/sql-admin/index.php?lang=en', '1.1', '404 277', '5.0', '10.0', '537.36', '/77.0.3865.120', '537.36']"
64,Server,93.243.136.158,14/Mar/2020:15:50:32,+0100,"GET /sql/phpmyadmin2/index.php?lang=en HTTP/1.1"" 404 277 ""-"" ""Mozilla/5.0 (Windows NT 10.0; Win64; x64) AppleWebKit/537.36 (KHTML, like Gecko) Chrome/77.0.3865.120 Safari/537.36",e94fa805,"GET <*> HTTP/<*>.<*>"" <*> <*> ""-"" ""Mozilla/<*>.<*> (Windows NT <*>.<*>; Win64; x64) AppleWebKit/<*>.<*> (KHTML, like Gecko) Chrome<*> Safari/<*>.<*>","['/sql/phpmyadmin2/index.php?lang=en', '1.1', '404 277', '5.0', '10.0', '537.36', '/77.0.3865.120', '537.36']"
65,Server,93.243.136.158,14/Mar/2020:15:50:32,+0100,"GET /sql/phpMyAdmin2/index.php?lang=en HTTP/1.1"" 404 277 ""-"" ""Mozilla/5.0 (Windows NT 10.0; Win64; x64) AppleWebKit/537.36 (KHTML, like Gecko) Chrome/77.0.3865.120 Safari/537.36",e94fa805,"GET <*> HTTP/<*>.<*>"" <*> <*> ""-"" ""Mozilla/<*>.<*> (Windows NT <*>.<*>; Win64; x64) AppleWebKit/<*>.<*> (KHTML, like Gecko) Chrome<*> Safari/<*>.<*>","['/sql/phpMyAdmin2/index.php?lang=en', '1.1', '404 277', '5.0', '10.0', '537.36', '/77.0.3865.120', '537.36']"
66,Server,93.243.136.158,14/Mar/2020:15:50:33,+0100,"GET /sql/phpMyAdmin/index.php?lang=en HTTP/1.1"" 404 277 ""-"" ""Mozilla/5.0 (Windows NT 10.0; Win64; x64) AppleWebKit/537.36 (KHTML, like Gecko) Chrome/77.0.3865.120 Safari/537.36",e94fa805,"GET <*> HTTP/<*>.<*>"" <*> <*> ""-"" ""Mozilla/<*>.<*> (Windows NT <*>.<*>; Win64; x64) AppleWebKit/<*>.<*> (KHTML, like Gecko) Chrome<*> Safari/<*>.<*>","['/sql/phpMyAdmin/index.php?lang=en', '1.1', '404 277', '5.0', '10.0', '537.36', '/77.0.3865.120', '537.36']"
67,Server,93.243.136.158,14/Mar/2020:15:50:33,+0100,"GET /db/myadmin/index.php?lang=en HTTP/1.1"" 404 277 ""-"" ""Mozilla/5.0 (Windows NT 10.0; Win64; x64) AppleWebKit/537.36 (KHTML, like Gecko) Chrome/77.0.3865.120 Safari/537.36",e94fa805,"GET <*> HTTP/<*>.<*>"" <*> <*> ""-"" ""Mozilla/<*>.<*> (Windows NT <*>.<*>; Win64; x64) AppleWebKit/<*>.<*> (KHTML, like Gecko) Chrome<*> Safari/<*>.<*>","['/db/myadmin/index.php?lang=en', '1.1', '404 277', '5.0', '10.0', '537.36', '/77.0.3865.120', '537.36']"
68,Server,93.243.136.158,14/Mar/2020:15:50:34,+0100,"GET /db/webadmin/index.php?lang=en HTTP/1.1"" 404 277 ""-"" ""Mozilla/5.0 (Windows NT 10.0; Win64; x64) AppleWebKit/537.36 (KHTML, like Gecko) Chrome/77.0.3865.120 Safari/537.36",e94fa805,"GET <*> HTTP/<*>.<*>"" <*> <*> ""-"" ""Mozilla/<*>.<*> (Windows NT <*>.<*>; Win64; x64) AppleWebKit/<*>.<*> (KHTML, like Gecko) Chrome<*> Safari/<*>.<*>","['/db/webadmin/index.php?lang=en', '1.1', '404 277', '5.0', '10.0', '537.36', '/77.0.3865.120', '537.36']"
69,Server,93.243.136.158,14/Mar/2020:15:50:35,+0100,"GET /db/dbweb/index.php?lang=en HTTP/1.1"" 404 277 ""-"" ""Mozilla/5.0 (Windows NT 10.0; Win64; x64) AppleWebKit/537.36 (KHTML, like Gecko) Chrome/77.0.3865.120 Safari/537.36",e94fa805,"GET <*> HTTP/<*>.<*>"" <*> <*> ""-"" ""Mozilla/<*>.<*> (Windows NT <*>.<*>; Win64; x64) AppleWebKit/<*>.<*> (KHTML, like Gecko) Chrome<*> Safari/<*>.<*>","['/db/dbweb/index.php?lang=en', '1.1', '404 277', '5.0', '10.0', '537.36', '/77.0.3865.120', '537.36']"
70,Server,93.243.136.158,14/Mar/2020:15:50:35,+0100,"GET /db/websql/index.php?lang=en HTTP/1.1"" 404 277 ""-"" ""Mozilla/5.0 (Windows NT 10.0; Win64; x64) AppleWebKit/537.36 (KHTML, like Gecko) Chrome/77.0.3865.120 Safari/537.36",e94fa805,"GET <*> HTTP/<*>.<*>"" <*> <*> ""-"" ""Mozilla/<*>.<*> (Windows NT <*>.<*>; Win64; x64) AppleWebKit/<*>.<*> (KHTML, like Gecko) Chrome<*> Safari/<*>.<*>","['/db/websql/index.php?lang=en', '1.1', '404 277', '5.0', '10.0', '537.36', '/77.0.3865.120', '537.36']"
71,Server,93.243.136.158,14/Mar/2020:15:50:36,+0100,"GET /db/webdb/index.php?lang=en HTTP/1.1"" 404 277 ""-"" ""Mozilla/5.0 (Windows NT 10.0; Win64; x64) AppleWebKit/537.36 (KHTML, like Gecko) Chrome/77.0.3865.120 Safari/537.36",e94fa805,"GET <*> HTTP/<*>.<*>"" <*> <*> ""-"" ""Mozilla/<*>.<*> (Windows NT <*>.<*>; Win64; x64) AppleWebKit/<*>.<*> (KHTML, like Gecko) Chrome<*> Safari/<*>.<*>","['/db/webdb/index.php?lang=en', '1.1', '404 277', '5.0', '10.0', '537.36', '/77.0.3865.120', '537.36']"
72,Server,93.243.136.158,14/Mar/2020:15:50:36,+0100,"GET /db/dbadmin/index.php?lang=en HTTP/1.1"" 404 277 ""-"" ""Mozilla/5.0 (Windows NT 10.0; Win64; x64) AppleWebKit/537.36 (KHTML, like Gecko) Chrome/77.0.3865.120 Safari/537.36",e94fa805,"GET <*> HTTP/<*>.<*>"" <*> <*> ""-"" ""Mozilla/<*>.<*> (Windows NT <*>.<*>; Win64; x64) AppleWebKit/<*>.<*> (KHTML, like Gecko) Chrome<*> Safari/<*>.<*>","['/db/dbadmin/index.php?lang=en', '1.1', '404 277', '5.0', '10.0', '537.36', '/77.0.3865.120', '537.36']"
73,Server,93.243.136.158,14/Mar/2020:15:50:37,+0100,"GET /db/db-admin/index.php?lang=en HTTP/1.1"" 404 277 ""-"" ""Mozilla/5.0 (Windows NT 10.0; Win64; x64) AppleWebKit/537.36 (KHTML, like Gecko) Chrome/77.0.3865.120 Safari/537.36",e94fa805,"GET <*> HTTP/<*>.<*>"" <*> <*> ""-"" ""Mozilla/<*>.<*> (Windows NT <*>.<*>; Win64; x64) AppleWebKit/<*>.<*> (KHTML, like Gecko) Chrome<*> Safari/<*>.<*>","['/db/db-admin/index.php?lang=en', '1.1', '404 277', '5.0', '10.0', '537.36', '/77.0.3865.120', '537.36']"
74,Server,93.243.136.158,14/Mar/2020:15:50:38,+0100,"GET /db/phpmyadmin3/index.php?lang=en HTTP/1.1"" 404 277 ""-"" ""Mozilla/5.0 (Windows NT 10.0; Win64; x64) AppleWebKit/537.36 (KHTML, like Gecko) Chrome/77.0.3865.120 Safari/537.36",e94fa805,"GET <*> HTTP/<*>.<*>"" <*> <*> ""-"" ""Mozilla/<*>.<*> (Windows NT <*>.<*>; Win64; x64) AppleWebKit/<*>.<*> (KHTML, like Gecko) Chrome<*> Safari/<*>.<*>","['/db/phpmyadmin3/index.php?lang=en', '1.1', '404 277', '5.0', '10.0', '537.36', '/77.0.3865.120', '537.36']"
75,Server,93.243.136.158,14/Mar/2020:15:50:38,+0100,"GET /db/phpMyAdmin3/index.php?lang=en HTTP/1.1"" 404 277 ""-"" ""Mozilla/5.0 (Windows NT 10.0; Win64; x64) AppleWebKit/537.36 (KHTML, like Gecko) Chrome/77.0.3865.120 Safari/537.36",e94fa805,"GET <*> HTTP/<*>.<*>"" <*> <*> ""-"" ""Mozilla/<*>.<*> (Windows NT <*>.<*>; Win64; x64) AppleWebKit/<*>.<*> (KHTML, like Gecko) Chrome<*> Safari/<*>.<*>","['/db/phpMyAdmin3/index.php?lang=en', '1.1', '404 277', '5.0', '10.0', '537.36', '/77.0.3865.120', '537.36']"
76,Server,93.243.136.158,14/Mar/2020:15:50:39,+0100,"GET /db/phpMyAdmin-3/index.php?lang=en HTTP/1.1"" 404 277 ""-"" ""Mozilla/5.0 (Windows NT 10.0; Win64; x64) AppleWebKit/537.36 (KHTML, like Gecko) Chrome/77.0.3865.120 Safari/537.36",e94fa805,"GET <*> HTTP/<*>.<*>"" <*> <*> ""-"" ""Mozilla/<*>.<*> (Windows NT <*>.<*>; Win64; x64) AppleWebKit/<*>.<*> (KHTML, like Gecko) Chrome<*> Safari/<*>.<*>","['/db/phpMyAdmin-3/index.php?lang=en', '1.1', '404 277', '5.0', '10.0', '537.36', '/77.0.3865.120', '537.36']"
77,Server,93.243.136.158,14/Mar/2020:15:50:39,+0100,"GET /administrator/phpmyadmin/index.php?lang=en HTTP/1.1"" 404 277 ""-"" ""Mozilla/5.0 (Windows NT 10.0; Win64; x64) AppleWebKit/537.36 (KHTML, like Gecko) Chrome/77.0.3865.120 Safari/537.36",e94fa805,"GET <*> HTTP/<*>.<*>"" <*> <*> ""-"" ""Mozilla/<*>.<*> (Windows NT <*>.<*>; Win64; x64) AppleWebKit/<*>.<*> (KHTML, like Gecko) Chrome<*> Safari/<*>.<*>","['/administrator/phpmyadmin/index.php?lang=en', '1.1', '404 277', '5.0', '10.0', '537.36', '/77.0.3865.120', '537.36']"
78,Server,93.243.136.158,14/Mar/2020:15:50:40,+0100,"GET /administrator/phpMyAdmin/index.php?lang=en HTTP/1.1"" 404 277 ""-"" ""Mozilla/5.0 (Windows NT 10.0; Win64; x64) AppleWebKit/537.36 (KHTML, like Gecko) Chrome/77.0.3865.120 Safari/537.36",e94fa805,"GET <*> HTTP/<*>.<*>"" <*> <*> ""-"" ""Mozilla/<*>.<*> (Windows NT <*>.<*>; Win64; x64) AppleWebKit/<*>.<*> (KHTML, like Gecko) Chrome<*> Safari/<*>.<*>","['/administrator/phpMyAdmin/index.php?lang=en', '1.1', '404 277', '5.0', '10.0', '537.36', '/77.0.3865.120', '537.36']"
79,Server,93.243.136.158,14/Mar/2020:15:50:41,+0100,"GET /administrator/db/index.php?lang=en HTTP/1.1"" 404 277 ""-"" ""Mozilla/5.0 (Windows NT 10.0; Win64; x64) AppleWebKit/537.36 (KHTML, like Gecko) Chrome/77.0.3865.120 Safari/537.36",e94fa805,"GET <*> HTTP/<*>.<*>"" <*> <*> ""-"" ""Mozilla/<*>.<*> (Windows NT <*>.<*>; Win64; x64) AppleWebKit/<*>.<*> (KHTML, like Gecko) Chrome<*> Safari/<*>.<*>","['/administrator/db/index.php?lang=en', '1.1', '404 277', '5.0', '10.0', '537.36', '/77.0.3865.120', '537.36']"
80,Server,93.243.136.158,14/Mar/2020:15:50:41,+0100,"GET /administrator/web/index.php?lang=en HTTP/1.1"" 404 277 ""-"" ""Mozilla/5.0 (Windows NT 10.0; Win64; x64) AppleWebKit/537.36 (KHTML, like Gecko) Chrome/77.0.3865.120 Safari/537.36",e94fa805,"GET <*> HTTP/<*>.<*>"" <*> <*> ""-"" ""Mozilla/<*>.<*> (Windows NT <*>.<*>; Win64; x64) AppleWebKit/<*>.<*> (KHTML, like Gecko) Chrome<*> Safari/<*>.<*>","['/administrator/web/index.php?lang=en', '1.1', '404 277', '5.0', '10.0', '537.36', '/77.0.3865.120', '537.36']"
81,Server,93.243.136.158,14/Mar/2020:15:50:42,+0100,"GET /administrator/pma/index.php?lang=en HTTP/1.1"" 404 277 ""-"" ""Mozilla/5.0 (Windows NT 10.0; Win64; x64) AppleWebKit/537.36 (KHTML, like Gecko) Chrome/77.0.3865.120 Safari/537.36",e94fa805,"GET <*> HTTP/<*>.<*>"" <*> <*> ""-"" ""Mozilla/<*>.<*> (Windows NT <*>.<*>; Win64; x64) AppleWebKit/<*>.<*> (KHTML, like Gecko) Chrome<*> Safari/<*>.<*>","['/administrator/pma/index.php?lang=en', '1.1', '404 277', '5.0', '10.0', '537.36', '/77.0.3865.120', '537.36']"
82,Server,93.243.136.158,14/Mar/2020:15:50:42,+0100,"GET /administrator/PMA/index.php?lang=en HTTP/1.1"" 404 277 ""-"" ""Mozilla/5.0 (Windows NT 10.0; Win64; x64) AppleWebKit/537.36 (KHTML, like Gecko) Chrome/77.0.3865.120 Safari/537.36",e94fa805,"GET <*> HTTP/<*>.<*>"" <*> <*> ""-"" ""Mozilla/<*>.<*> (Windows NT <*>.<*>; Win64; x64) AppleWebKit/<*>.<*> (KHTML, like Gecko) Chrome<*> Safari/<*>.<*>","['/administrator/PMA/index.php?lang=en', '1.1', '404 277', '5.0', '10.0', '537.36', '/77.0.3865.120', '537.36']"
83,Server,93.243.136.158,14/Mar/2020:15:50:43,+0100,"GET /administrator/admin/index.php?lang=en HTTP/1.1"" 404 277 ""-"" ""Mozilla/5.0 (Windows NT 10.0; Win64; x64) AppleWebKit/537.36 (KHTML, like Gecko) Chrome/77.0.3865.120 Safari/537.36",e94fa805,"GET <*> HTTP/<*>.<*>"" <*> <*> ""-"" ""Mozilla/<*>.<*> (Windows NT <*>.<*>; Win64; x64) AppleWebKit/<*>.<*> (KHTML, like Gecko) Chrome<*> Safari/<*>.<*>","['/administrator/admin/index.php?lang=en', '1.1', '404 277', '5.0', '10.0', '537.36', '/77.0.3865.120', '537.36']"
84,Server,93.243.136.158,14/Mar/2020:15:50:44,+0100,"GET /phpMyAdmin2/index.php?lang=en HTTP/1.1"" 404 277 ""-"" ""Mozilla/5.0 (Windows NT 10.0; Win64; x64) AppleWebKit/537.36 (KHTML, like Gecko) Chrome/77.0.3865.120 Safari/537.36",e94fa805,"GET <*> HTTP/<*>.<*>"" <*> <*> ""-"" ""Mozilla/<*>.<*> (Windows NT <*>.<*>; Win64; x64) AppleWebKit/<*>.<*> (KHTML, like Gecko) Chrome<*> Safari/<*>.<*>","['/phpMyAdmin2/index.php?lang=en', '1.1', '404 277', '5.0', '10.0', '537.36', '/77.0.3865.120', '537.36']"
85,Server,93.243.136.158,14/Mar/2020:15:50:44,+0100,"GET /phpMyAdmin3/index.php?lang=en HTTP/1.1"" 404 277 ""-"" ""Mozilla/5.0 (Windows NT 10.0; Win64; x64) AppleWebKit/537.36 (KHTML, like Gecko) Chrome/77.0.3865.120 Safari/537.36",e94fa805,"GET <*> HTTP/<*>.<*>"" <*> <*> ""-"" ""Mozilla/<*>.<*> (Windows NT <*>.<*>; Win64; x64) AppleWebKit/<*>.<*> (KHTML, like Gecko) Chrome<*> Safari/<*>.<*>","['/phpMyAdmin3/index.php?lang=en', '1.1', '404 277', '5.0', '10.0', '537.36', '/77.0.3865.120', '537.36']"
86,Server,93.243.136.158,14/Mar/2020:15:50:45,+0100,"GET /phpMyAdmin4/index.php?lang=en HTTP/1.1"" 404 277 ""-"" ""Mozilla/5.0 (Windows NT 10.0; Win64; x64) AppleWebKit/537.36 (KHTML, like Gecko) Chrome/77.0.3865.120 Safari/537.36",e94fa805,"GET <*> HTTP/<*>.<*>"" <*> <*> ""-"" ""Mozilla/<*>.<*> (Windows NT <*>.<*>; Win64; x64) AppleWebKit/<*>.<*> (KHTML, like Gecko) Chrome<*> Safari/<*>.<*>","['/phpMyAdmin4/index.php?lang=en', '1.1', '404 277', '5.0', '10.0', '537.36', '/77.0.3865.120', '537.36']"
87,Server,93.243.136.158,14/Mar/2020:15:50:45,+0100,"-"" 408 - ""-"" ""-",90fb026d,"-"" <*> - ""-"" ""-",['408']
88,Server,93.243.136.158,14/Mar/2020:15:50:46,+0100,"GET /phpMyAdmin-3/index.php?lang=en HTTP/1.1"" 404 277 ""-"" ""Mozilla/5.0 (Windows NT 10.0; Win64; x64) AppleWebKit/537.36 (KHTML, like Gecko) Chrome/77.0.3865.120 Safari/537.36",e94fa805,"GET <*> HTTP/<*>.<*>"" <*> <*> ""-"" ""Mozilla/<*>.<*> (Windows NT <*>.<*>; Win64; x64) AppleWebKit/<*>.<*> (KHTML, like Gecko) Chrome<*> Safari/<*>.<*>","['/phpMyAdmin-3/index.php?lang=en', '1.1', '404 277', '5.0', '10.0', '537.36', '/77.0.3865.120', '537.36']"
89,Server,93.243.136.158,14/Mar/2020:15:50:46,+0100,"GET /php-my-admin/index.php?lang=en HTTP/1.1"" 404 277 ""-"" ""Mozilla/5.0 (Windows NT 10.0; Win64; x64) AppleWebKit/537.36 (KHTML, like Gecko) Chrome/77.0.3865.120 Safari/537.36",e94fa805,"GET <*> HTTP/<*>.<*>"" <*> <*> ""-"" ""Mozilla/<*>.<*> (Windows NT <*>.<*>; Win64; x64) AppleWebKit/<*>.<*> (KHTML, like Gecko) Chrome<*> Safari/<*>.<*>","['/php-my-admin/index.php?lang=en', '1.1', '404 277', '5.0', '10.0', '537.36', '/77.0.3865.120', '537.36']"
90,Server,93.243.136.158,14/Mar/2020:15:50:47,+0100,"GET /PMA2011/index.php?lang=en HTTP/1.1"" 404 277 ""-"" ""Mozilla/5.0 (Windows NT 10.0; Win64; x64) AppleWebKit/537.36 (KHTML, like Gecko) Chrome/77.0.3865.120 Safari/537.36",e94fa805,"GET <*> HTTP/<*>.<*>"" <*> <*> ""-"" ""Mozilla/<*>.<*> (Windows NT <*>.<*>; Win64; x64) AppleWebKit/<*>.<*> (KHTML, like Gecko) Chrome<*> Safari/<*>.<*>","['/PMA2011/index.php?lang=en', '1.1', '404 277', '5.0', '10.0', '537.36', '/77.0.3865.120', '537.36']"
91,Server,93.243.136.158,14/Mar/2020:15:50:48,+0100,"GET /PMA2012/index.php?lang=en HTTP/1.1"" 404 277 ""-"" ""Mozilla/5.0 (Windows NT 10.0; Win64; x64) AppleWebKit/537.36 (KHTML, like Gecko) Chrome/77.0.3865.120 Safari/537.36",e94fa805,"GET <*> HTTP/<*>.<*>"" <*> <*> ""-"" ""Mozilla/<*>.<*> (Windows NT <*>.<*>; Win64; x64) AppleWebKit/<*>.<*> (KHTML, like Gecko) Chrome<*> Safari/<*>.<*>","['/PMA2012/index.php?lang=en', '1.1', '404 277', '5.0', '10.0', '537.36', '/77.0.3865.120', '537.36']"
92,Server,93.243.136.158,14/Mar/2020:15:50:48,+0100,"GET /PMA2013/index.php?lang=en HTTP/1.1"" 404 277 ""-"" ""Mozilla/5.0 (Windows NT 10.0; Win64; x64) AppleWebKit/537.36 (KHTML, like Gecko) Chrome/77.0.3865.120 Safari/537.36",e94fa805,"GET <*> HTTP/<*>.<*>"" <*> <*> ""-"" ""Mozilla/<*>.<*> (Windows NT <*>.<*>; Win64; x64) AppleWebKit/<*>.<*> (KHTML, like Gecko) Chrome<*> Safari/<*>.<*>","['/PMA2013/index.php?lang=en', '1.1', '404 277', '5.0', '10.0', '537.36', '/77.0.3865.120', '537.36']"
93,Server,93.243.136.158,14/Mar/2020:15:50:49,+0100,"GET /PMA2014/index.php?lang=en HTTP/1.1"" 404 277 ""-"" ""Mozilla/5.0 (Windows NT 10.0; Win64; x64) AppleWebKit/537.36 (KHTML, like Gecko) Chrome/77.0.3865.120 Safari/537.36",e94fa805,"GET <*> HTTP/<*>.<*>"" <*> <*> ""-"" ""Mozilla/<*>.<*> (Windows NT <*>.<*>; Win64; x64) AppleWebKit/<*>.<*> (KHTML, like Gecko) Chrome<*> Safari/<*>.<*>","['/PMA2014/index.php?lang=en', '1.1', '404 277', '5.0', '10.0', '537.36', '/77.0.3865.120', '537.36']"
94,Server,93.243.136.158,14/Mar/2020:15:50:50,+0100,"GET /PMA2015/index.php?lang=en HTTP/1.1"" 404 277 ""-"" ""Mozilla/5.0 (Windows NT 10.0; Win64; x64) AppleWebKit/537.36 (KHTML, like Gecko) Chrome/77.0.3865.120 Safari/537.36",e94fa805,"GET <*> HTTP/<*>.<*>"" <*> <*> ""-"" ""Mozilla/<*>.<*> (Windows NT <*>.<*>; Win64; x64) AppleWebKit/<*>.<*> (KHTML, like Gecko) Chrome<*> Safari/<*>.<*>","['/PMA2015/index.php?lang=en', '1.1', '404 277', '5.0', '10.0', '537.36', '/77.0.3865.120', '537.36']"
95,Server,93.243.136.158,14/Mar/2020:15:50:50,+0100,"GET /PMA2016/index.php?lang=en HTTP/1.1"" 404 277 ""-"" ""Mozilla/5.0 (Windows NT 10.0; Win64; x64) AppleWebKit/537.36 (KHTML, like Gecko) Chrome/77.0.3865.120 Safari/537.36",e94fa805,"GET <*> HTTP/<*>.<*>"" <*> <*> ""-"" ""Mozilla/<*>.<*> (Windows NT <*>.<*>; Win64; x64) AppleWebKit/<*>.<*> (KHTML, like Gecko) Chrome<*> Safari/<*>.<*>","['/PMA2016/index.php?lang=en', '1.1', '404 277', '5.0', '10.0', '537.36', '/77.0.3865.120', '537.36']"
96,Server,93.243.136.158,14/Mar/2020:15:50:51,+0100,"GET /PMA2017/index.php?lang=en HTTP/1.1"" 404 277 ""-"" ""Mozilla/5.0 (Windows NT 10.0; Win64; x64) AppleWebKit/537.36 (KHTML, like Gecko) Chrome/77.0.3865.120 Safari/537.36",e94fa805,"GET <*> HTTP/<*>.<*>"" <*> <*> ""-"" ""Mozilla/<*>.<*> (Windows NT <*>.<*>; Win64; x64) AppleWebKit/<*>.<*> (KHTML, like Gecko) Chrome<*> Safari/<*>.<*>","['/PMA2017/index.php?lang=en', '1.1', '404 277', '5.0', '10.0', '537.36', '/77.0.3865.120', '537.36']"
97,Server,93.243.136.158,14/Mar/2020:15:50:51,+0100,"GET /PMA2018/index.php?lang=en HTTP/1.1"" 404 277 ""-"" ""Mozilla/5.0 (Windows NT 10.0; Win64; x64) AppleWebKit/537.36 (KHTML, like Gecko) Chrome/77.0.3865.120 Safari/537.36",e94fa805,"GET <*> HTTP/<*>.<*>"" <*> <*> ""-"" ""Mozilla/<*>.<*> (Windows NT <*>.<*>; Win64; x64) AppleWebKit/<*>.<*> (KHTML, like Gecko) Chrome<*> Safari/<*>.<*>","['/PMA2018/index.php?lang=en', '1.1', '404 277', '5.0', '10.0', '537.36', '/77.0.3865.120', '537.36']"
98,Server,93.243.136.158,14/Mar/2020:15:50:52,+0100,"GET /PMA2019/index.php?lang=en HTTP/1.1"" 404 277 ""-"" ""Mozilla/5.0 (Windows NT 10.0; Win64; x64) AppleWebKit/537.36 (KHTML, like Gecko) Chrome/77.0.3865.120 Safari/537.36",e94fa805,"GET <*> HTTP/<*>.<*>"" <*> <*> ""-"" ""Mozilla/<*>.<*> (Windows NT <*>.<*>; Win64; x64) AppleWebKit/<*>.<*> (KHTML, like Gecko) Chrome<*> Safari/<*>.<*>","['/PMA2019/index.php?lang=en', '1.1', '404 277', '5.0', '10.0', '537.36', '/77.0.3865.120', '537.36']"
99,Server,93.243.136.158,14/Mar/2020:15:50:53,+0100,"GET /PMA2020/index.php?lang=en HTTP/1.1"" 404 277 ""-"" ""Mozilla/5.0 (Windows NT 10.0; Win64; x64) AppleWebKit/537.36 (KHTML, like Gecko) Chrome/77.0.3865.120 Safari/537.36",e94fa805,"GET <*> HTTP/<*>.<*>"" <*> <*> ""-"" ""Mozilla/<*>.<*> (Windows NT <*>.<*>; Win64; x64) AppleWebKit/<*>.<*> (KHTML, like Gecko) Chrome<*> Safari/<*>.<*>","['/PMA2020/index.php?lang=en', '1.1', '404 277', '5.0', '10.0', '537.36', '/77.0.3865.120', '537.36']"
100,Server,93.243.136.158,14/Mar/2020:15:50:53,+0100,"GET /pma2011/index.php?lang=en HTTP/1.1"" 404 277 ""-"" ""Mozilla/5.0 (Windows NT 10.0; Win64; x64) AppleWebKit/537.36 (KHTML, like Gecko) Chrome/77.0.3865.120 Safari/537.36",e94fa805,"GET <*> HTTP/<*>.<*>"" <*> <*> ""-"" ""Mozilla/<*>.<*> (Windows NT <*>.<*>; Win64; x64) AppleWebKit/<*>.<*> (KHTML, like Gecko) Chrome<*> Safari/<*>.<*>","['/pma2011/index.php?lang=en', '1.1', '404 277', '5.0', '10.0', '537.36', '/77.0.3865.120', '537.36']"
101,Server,93.243.136.158,14/Mar/2020:15:50:54,+0100,"GET /pma2012/index.php?lang=en HTTP/1.1"" 404 277 ""-"" ""Mozilla/5.0 (Windows NT 10.0; Win64; x64) AppleWebKit/537.36 (KHTML, like Gecko) Chrome/77.0.3865.120 Safari/537.36",e94fa805,"GET <*> HTTP/<*>.<*>"" <*> <*> ""-"" ""Mozilla/<*>.<*> (Windows NT <*>.<*>; Win64; x64) AppleWebKit/<*>.<*> (KHTML, like Gecko) Chrome<*> Safari/<*>.<*>","['/pma2012/index.php?lang=en', '1.1', '404 277', '5.0', '10.0', '537.36', '/77.0.3865.120', '537.36']"
102,Server,93.243.136.158,14/Mar/2020:15:50:55,+0100,"GET /pma2013/index.php?lang=en HTTP/1.1"" 404 277 ""-"" ""Mozilla/5.0 (Windows NT 10.0; Win64; x64) AppleWebKit/537.36 (KHTML, like Gecko) Chrome/77.0.3865.120 Safari/537.36",e94fa805,"GET <*> HTTP/<*>.<*>"" <*> <*> ""-"" ""Mozilla/<*>.<*> (Windows NT <*>.<*>; Win64; x64) AppleWebKit/<*>.<*> (KHTML, like Gecko) Chrome<*> Safari/<*>.<*>","['/pma2013/index.php?lang=en', '1.1', '404 277', '5.0', '10.0', '537.36', '/77.0.3865.120', '537.36']"
103,Server,93.243.136.158,14/Mar/2020:15:50:55,+0100,"GET /pma2014/index.php?lang=en HTTP/1.1"" 404 277 ""-"" ""Mozilla/5.0 (Windows NT 10.0; Win64; x64) AppleWebKit/537.36 (KHTML, like Gecko) Chrome/77.0.3865.120 Safari/537.36",e94fa805,"GET <*> HTTP/<*>.<*>"" <*> <*> ""-"" ""Mozilla/<*>.<*> (Windows NT <*>.<*>; Win64; x64) AppleWebKit/<*>.<*> (KHTML, like Gecko) Chrome<*> Safari/<*>.<*>","['/pma2014/index.php?lang=en', '1.1', '404 277', '5.0', '10.0', '537.36', '/77.0.3865.120', '537.36']"
104,Server,93.243.136.158,14/Mar/2020:15:50:56,+0100,"GET /pma2015/index.php?lang=en HTTP/1.1"" 404 277 ""-"" ""Mozilla/5.0 (Windows NT 10.0; Win64; x64) AppleWebKit/537.36 (KHTML, like Gecko) Chrome/77.0.3865.120 Safari/537.36",e94fa805,"GET <*> HTTP/<*>.<*>"" <*> <*> ""-"" ""Mozilla/<*>.<*> (Windows NT <*>.<*>; Win64; x64) AppleWebKit/<*>.<*> (KHTML, like Gecko) Chrome<*> Safari/<*>.<*>","['/pma2015/index.php?lang=en', '1.1', '404 277', '5.0', '10.0', '537.36', '/77.0.3865.120', '537.36']"
105,Server,93.243.136.158,14/Mar/2020:15:50:57,+0100,"GET /pma2016/index.php?lang=en HTTP/1.1"" 404 277 ""-"" ""Mozilla/5.0 (Windows NT 10.0; Win64; x64) AppleWebKit/537.36 (KHTML, like Gecko) Chrome/77.0.3865.120 Safari/537.36",e94fa805,"GET <*> HTTP/<*>.<*>"" <*> <*> ""-"" ""Mozilla/<*>.<*> (Windows NT <*>.<*>; Win64; x64) AppleWebKit/<*>.<*> (KHTML, like Gecko) Chrome<*> Safari/<*>.<*>","['/pma2016/index.php?lang=en', '1.1', '404 277', '5.0', '10.0', '537.36', '/77.0.3865.120', '537.36']"
106,Server,93.243.136.158,14/Mar/2020:15:50:57,+0100,"GET /pma2017/index.php?lang=en HTTP/1.1"" 404 277 ""-"" ""Mozilla/5.0 (Windows NT 10.0; Win64; x64) AppleWebKit/537.36 (KHTML, like Gecko) Chrome/77.0.3865.120 Safari/537.36",e94fa805,"GET <*> HTTP/<*>.<*>"" <*> <*> ""-"" ""Mozilla/<*>.<*> (Windows NT <*>.<*>; Win64; x64) AppleWebKit/<*>.<*> (KHTML, like Gecko) Chrome<*> Safari/<*>.<*>","['/pma2017/index.php?lang=en', '1.1', '404 277', '5.0', '10.0', '537.36', '/77.0.3865.120', '537.36']"
107,Server,93.243.136.158,14/Mar/2020:15:50:58,+0100,"GET /pma2018/index.php?lang=en HTTP/1.1"" 404 277 ""-"" ""Mozilla/5.0 (Windows NT 10.0; Win64; x64) AppleWebKit/537.36 (KHTML, like Gecko) Chrome/77.0.3865.120 Safari/537.36",e94fa805,"GET <*> HTTP/<*>.<*>"" <*> <*> ""-"" ""Mozilla/<*>.<*> (Windows NT <*>.<*>; Win64; x64) AppleWebKit/<*>.<*> (KHTML, like Gecko) Chrome<*> Safari/<*>.<*>","['/pma2018/index.php?lang=en', '1.1', '404 277', '5.0', '10.0', '537.36', '/77.0.3865.120', '537.36']"
108,Server,93.243.136.158,14/Mar/2020:15:50:59,+0100,"GET /pma2019/index.php?lang=en HTTP/1.1"" 404 277 ""-"" ""Mozilla/5.0 (Windows NT 10.0; Win64; x64) AppleWebKit/537.36 (KHTML, like Gecko) Chrome/77.0.3865.120 Safari/537.36",e94fa805,"GET <*> HTTP/<*>.<*>"" <*> <*> ""-"" ""Mozilla/<*>.<*> (Windows NT <*>.<*>; Win64; x64) AppleWebKit/<*>.<*> (KHTML, like Gecko) Chrome<*> Safari/<*>.<*>","['/pma2019/index.php?lang=en', '1.1', '404 277', '5.0', '10.0', '537.36', '/77.0.3865.120', '537.36']"
109,Server,93.243.136.158,14/Mar/2020:15:50:59,+0100,"GET /pma2020/index.php?lang=en HTTP/1.1"" 404 277 ""-"" ""Mozilla/5.0 (Windows NT 10.0; Win64; x64) AppleWebKit/537.36 (KHTML, like Gecko) Chrome/77.0.3865.120 Safari/537.36",e94fa805,"GET <*> HTTP/<*>.<*>"" <*> <*> ""-"" ""Mozilla/<*>.<*> (Windows NT <*>.<*>; Win64; x64) AppleWebKit/<*>.<*> (KHTML, like Gecko) Chrome<*> Safari/<*>.<*>","['/pma2020/index.php?lang=en', '1.1', '404 277', '5.0', '10.0', '537.36', '/77.0.3865.120', '537.36']"
110,Server,93.243.136.158,14/Mar/2020:15:51:00,+0100,"GET /phpmyadmin2011/index.php?lang=en HTTP/1.1"" 404 277 ""-"" ""Mozilla/5.0 (Windows NT 10.0; Win64; x64) AppleWebKit/537.36 (KHTML, like Gecko) Chrome/77.0.3865.120 Safari/537.36",e94fa805,"GET <*> HTTP/<*>.<*>"" <*> <*> ""-"" ""Mozilla/<*>.<*> (Windows NT <*>.<*>; Win64; x64) AppleWebKit/<*>.<*> (KHTML, like Gecko) Chrome<*> Safari/<*>.<*>","['/phpmyadmin2011/index.php?lang=en', '1.1', '404 277', '5.0', '10.0', '537.36', '/77.0.3865.120', '537.36']"
111,Server,93.243.136.158,14/Mar/2020:15:51:01,+0100,"GET /phpmyadmin2012/index.php?lang=en HTTP/1.1"" 404 277 ""-"" ""Mozilla/5.0 (Windows NT 10.0; Win64; x64) AppleWebKit/537.36 (KHTML, like Gecko) Chrome/77.0.3865.120 Safari/537.36",e94fa805,"GET <*> HTTP/<*>.<*>"" <*> <*> ""-"" ""Mozilla/<*>.<*> (Windows NT <*>.<*>; Win64; x64) AppleWebKit/<*>.<*> (KHTML, like Gecko) Chrome<*> Safari/<*>.<*>","['/phpmyadmin2012/index.php?lang=en', '1.1', '404 277', '5.0', '10.0', '537.36', '/77.0.3865.120', '537.36']"
112,Server,93.243.136.158,14/Mar/2020:15:51:01,+0100,"GET /phpmyadmin2013/index.php?lang=en HTTP/1.1"" 404 277 ""-"" ""Mozilla/5.0 (Windows NT 10.0; Win64; x64) AppleWebKit/537.36 (KHTML, like Gecko) Chrome/77.0.3865.120 Safari/537.36",e94fa805,"GET <*> HTTP/<*>.<*>"" <*> <*> ""-"" ""Mozilla/<*>.<*> (Windows NT <*>.<*>; Win64; x64) AppleWebKit/<*>.<*> (KHTML, like Gecko) Chrome<*> Safari/<*>.<*>","['/phpmyadmin2013/index.php?lang=en', '1.1', '404 277', '5.0', '10.0', '537.36', '/77.0.3865.120', '537.36']"
113,Server,93.243.136.158,14/Mar/2020:15:51:02,+0100,"GET /phpmyadmin2014/index.php?lang=en HTTP/1.1"" 404 277 ""-"" ""Mozilla/5.0 (Windows NT 10.0; Win64; x64) AppleWebKit/537.36 (KHTML, like Gecko) Chrome/77.0.3865.120 Safari/537.36",e94fa805,"GET <*> HTTP/<*>.<*>"" <*> <*> ""-"" ""Mozilla/<*>.<*> (Windows NT <*>.<*>; Win64; x64) AppleWebKit/<*>.<*> (KHTML, like Gecko) Chrome<*> Safari/<*>.<*>","['/phpmyadmin2014/index.php?lang=en', '1.1', '404 277', '5.0', '10.0', '537.36', '/77.0.3865.120', '537.36']"
114,Server,93.243.136.158,14/Mar/2020:15:51:02,+0100,"GET /phpmyadmin2015/index.php?lang=en HTTP/1.1"" 404 277 ""-"" ""Mozilla/5.0 (Windows NT 10.0; Win64; x64) AppleWebKit/537.36 (KHTML, like Gecko) Chrome/77.0.3865.120 Safari/537.36",e94fa805,"GET <*> HTTP/<*>.<*>"" <*> <*> ""-"" ""Mozilla/<*>.<*> (Windows NT <*>.<*>; Win64; x64) AppleWebKit/<*>.<*> (KHTML, like Gecko) Chrome<*> Safari/<*>.<*>","['/phpmyadmin2015/index.php?lang=en', '1.1', '404 277', '5.0', '10.0', '537.36', '/77.0.3865.120', '537.36']"
115,Server,93.243.136.158,14/Mar/2020:15:51:03,+0100,"GET /phpmyadmin2016/index.php?lang=en HTTP/1.1"" 404 277 ""-"" ""Mozilla/5.0 (Windows NT 10.0; Win64; x64) AppleWebKit/537.36 (KHTML, like Gecko) Chrome/77.0.3865.120 Safari/537.36",e94fa805,"GET <*> HTTP/<*>.<*>"" <*> <*> ""-"" ""Mozilla/<*>.<*> (Windows NT <*>.<*>; Win64; x64) AppleWebKit/<*>.<*> (KHTML, like Gecko) Chrome<*> Safari/<*>.<*>","['/phpmyadmin2016/index.php?lang=en', '1.1', '404 277', '5.0', '10.0', '537.36', '/77.0.3865.120', '537.36']"
116,Server,93.243.136.158,14/Mar/2020:15:51:04,+0100,"GET /phpmyadmin2017/index.php?lang=en HTTP/1.1"" 404 277 ""-"" ""Mozilla/5.0 (Windows NT 10.0; Win64; x64) AppleWebKit/537.36 (KHTML, like Gecko) Chrome/77.0.3865.120 Safari/537.36",e94fa805,"GET <*> HTTP/<*>.<*>"" <*> <*> ""-"" ""Mozilla/<*>.<*> (Windows NT <*>.<*>; Win64; x64) AppleWebKit/<*>.<*> (KHTML, like Gecko) Chrome<*> Safari/<*>.<*>","['/phpmyadmin2017/index.php?lang=en', '1.1', '404 277', '5.0', '10.0', '537.36', '/77.0.3865.120', '537.36']"
117,Server,93.243.136.158,14/Mar/2020:15:51:04,+0100,"GET /phpmyadmin2018/index.php?lang=en HTTP/1.1"" 404 277 ""-"" ""Mozilla/5.0 (Windows NT 10.0; Win64; x64) AppleWebKit/537.36 (KHTML, like Gecko) Chrome/77.0.3865.120 Safari/537.36",e94fa805,"GET <*> HTTP/<*>.<*>"" <*> <*> ""-"" ""Mozilla/<*>.<*> (Windows NT <*>.<*>; Win64; x64) AppleWebKit/<*>.<*> (KHTML, like Gecko) Chrome<*> Safari/<*>.<*>","['/phpmyadmin2018/index.php?lang=en', '1.1', '404 277', '5.0', '10.0', '537.36', '/77.0.3865.120', '537.36']"
118,Server,93.243.136.158,14/Mar/2020:15:51:05,+0100,"GET /phpmyadmin2019/index.php?lang=en HTTP/1.1"" 404 277 ""-"" ""Mozilla/5.0 (Windows NT 10.0; Win64; x64) AppleWebKit/537.36 (KHTML, like Gecko) Chrome/77.0.3865.120 Safari/537.36",e94fa805,"GET <*> HTTP/<*>.<*>"" <*> <*> ""-"" ""Mozilla/<*>.<*> (Windows NT <*>.<*>; Win64; x64) AppleWebKit/<*>.<*> (KHTML, like Gecko) Chrome<*> Safari/<*>.<*>","['/phpmyadmin2019/index.php?lang=en', '1.1', '404 277', '5.0', '10.0', '537.36', '/77.0.3865.120', '537.36']"
119,Server,93.243.136.158,14/Mar/2020:15:51:05,+0100,"GET /phpmyadmin2020/index.php?lang=en HTTP/1.1"" 404 277 ""-"" ""Mozilla/5.0 (Windows NT 10.0; Win64; x64) AppleWebKit/537.36 (KHTML, like Gecko) Chrome/77.0.3865.120 Safari/537.36",e94fa805,"GET <*> HTTP/<*>.<*>"" <*> <*> ""-"" ""Mozilla/<*>.<*> (Windows NT <*>.<*>; Win64; x64) AppleWebKit/<*>.<*> (KHTML, like Gecko) Chrome<*> Safari/<*>.<*>","['/phpmyadmin2020/index.php?lang=en', '1.1', '404 277', '5.0', '10.0', '537.36', '/77.0.3865.120', '537.36']"
120,Server,93.243.136.158,14/Mar/2020:15:51:06,+0100,"GET /index.php?lang=en HTTP/1.1"" 404 277 ""-"" ""Mozilla/5.0 (Windows NT 10.0; Win64; x64) AppleWebKit/537.36 (KHTML, like Gecko) Chrome/77.0.3865.120 Safari/537.36",e94fa805,"GET <*> HTTP/<*>.<*>"" <*> <*> ""-"" ""Mozilla/<*>.<*> (Windows NT <*>.<*>; Win64; x64) AppleWebKit/<*>.<*> (KHTML, like Gecko) Chrome<*> Safari/<*>.<*>","['/index.php?lang=en', '1.1', '404 277', '5.0', '10.0', '537.36', '/77.0.3865.120', '537.36']"
121,Server,10.0.0.4,14/Mar/2020:16:06:36,+0100,"-"" 408 - ""-"" ""-",90fb026d,"-"" <*> - ""-"" ""-",['408']
122,Server,212.107.232.167,14/Mar/2020:16:23:04,+0100,"GET / HTTP/1.1"" 200 10918 ""-"" ""Mozilla/5.0 (Windows NT 6.1; WOW64) AppleWebKit/537.36 (KHTML, like Gecko) Chrome/52.0.2743.116 Safari/537.36",3e9eb8e7,"GET / HTTP/<*>.<*>"" <*> <*> ""-"" ""Mozilla/<*>.<*> (Windows NT <*>.<*>; WOW64) AppleWebKit/<*>.<*> (KHTML, like Gecko) Chrome<*> Safari/<*>.<*>","['1.1', '200 10918', '5.0', '6.1', '537.36', '/52.0.2743.116', '537.36']"
123,Server,10.0.0.4,14/Mar/2020:16:23:58,+0100,"-"" 408 - ""-"" ""-",90fb026d,"-"" <*> - ""-"" ""-",['408']
124,Server,10.0.0.4,14/Mar/2020:16:25:52,+0100,"-"" 408 - ""-"" ""-",90fb026d,"-"" <*> - ""-"" ""-",['408']
125,Server,10.0.0.4,14/Mar/2020:16:29:49,+0100,"-"" 408 - ""-"" ""-",90fb026d,"-"" <*> - ""-"" ""-",['408']
126,Server,66.151.211.170,14/Mar/2020:17:44:18,+0100,"HEAD /robots.txt HTTP/1.0"" 404 - ""-"" ""-",e37b4680,"HEAD /<*> HTTP/<*>.<*>"" <*> - ""-"" ""-","['robots.txt', '1.0', '404']"
